Date,Company,Ticker,Open,High,Low,Close,Volume
2025-01-01,Reliance Industries,RELIANCE,1257.45,1268.25,1239.53,1254.7,3593477
2025-01-02,Reliance Industries,RELIANCE,1251.17,1298.79,1246.02,1287.11,5096945
2025-01-03,Reliance Industries,RELIANCE,1279.96,1288.88,1267.51,1269.61,1837261
2025-01-06,Reliance Industries,RELIANCE,1261.04,1270.2,1235.5,1238.43,2114784
2025-01-07,Reliance Industries,RELIANCE,1260.21,1268.12,1255.09,1255.47,3125259
2025-01-08,Reliance Industries,RELIANCE,1257.14,1266.57,1227.04,1231.47,3501625
2025-01-09,Reliance Industries,RELIANCE,1222.58,1271.22,1220.42,1263.71,5781335
2025-01-10,Reliance Industries,RELIANCE,1245.2,1252.55,1244.34,1250.25,4362638
2025-01-13,Reliance Industries,RELIANCE,1261.33,1272.61,1255.28,1265.6,2052697
2025-01-14,Reliance Industries,RELIANCE,1254.67,1267.5,1235.46,1244.64,1806012
2025-01-15,Reliance Industries,RELIANCE,1249.48,1253.59,1230.71,1241.2,6349901
2025-01-16,Reliance Industries,RELIANCE,1255.07,1261.04,1227.43,1236.48,6193403
2025-01-17,Reliance Industries,RELIANCE,1229.37,1231.31,1224.14,1225.63,5755328
2025-01-20,Reliance Industries,RELIANCE,1245.58,1258.05,1235.07,1244.34,2986749
2025-01-21,Reliance Industries,RELIANCE,1249.74,1292.23,1234.42,1284.71,1228266
2025-01-22,Reliance Industries,RELIANCE,1297.38,1306.05,1289.12,1299.8,1632452
2025-01-23,Reliance Industries,RELIANCE,1296.38,1320.64,1291.29,1305.1,2775045
2025-01-24,Reliance Industries,RELIANCE,1297.24,1328.65,1292.21,1319.0,5030200
2025-01-27,Reliance Industries,RELIANCE,1320.54,1348.25,1314.35,1343.96,3346920
2025-01-28,Reliance Industries,RELIANCE,1320.36,1337.15,1312.41,1327.79,3592776
2025-01-29,Reliance Industries,RELIANCE,1305.24,1311.28,1292.13,1295.75,3713262
2025-01-30,Reliance Industries,RELIANCE,1302.03,1355.65,1292.88,1346.63,3861241
2025-01-31,Reliance Industries,RELIANCE,1315.62,1323.83,1294.54,1315.39,3661698
2025-02-03,Reliance Industries,RELIANCE,1320.15,1321.9,1305.77,1319.72,5600519
2025-02-04,Reliance Industries,RELIANCE,1332.25,1347.72,1310.32,1310.84,5199565
2025-02-05,Reliance Industries,RELIANCE,1345.3,1350.32,1313.26,1321.71,3183322
2025-02-06,Reliance Industries,RELIANCE,1297.12,1301.38,1286.88,1299.11,2639919
2025-02-07,Reliance Industries,RELIANCE,1323.27,1329.51,1292.94,1305.01,2294696
2025-02-10,Reliance Industries,RELIANCE,1308.57,1340.33,1299.76,1339.76,4488132
2025-02-11,Reliance Industries,RELIANCE,1352.32,1353.3,1311.92,1322.62,4563694
2025-02-12,Reliance Industries,RELIANCE,1326.6,1339.65,1317.4,1335.27,4555667
2025-02-13,Reliance Industries,RELIANCE,1323.82,1379.48,1322.19,1368.68,5365226
2025-02-14,Reliance Industries,RELIANCE,1352.67,1386.83,1348.99,1372.24,6159580
2025-02-17,Reliance Industries,RELIANCE,1379.04,1418.88,1372.12,1399.86,2844274
2025-02-18,Reliance Industries,RELIANCE,1384.91,1392.8,1354.94,1364.99,4522207
2025-02-19,Reliance Industries,RELIANCE,1378.54,1395.57,1371.73,1379.28,13579557
2025-02-20,Reliance Industries,RELIANCE,1389.63,1392.02,1357.76,1368.61,3610806
2025-02-21,Reliance Industries,RELIANCE,1380.34,1400.46,1376.73,1392.51,2019415
2025-02-24,Reliance Industries,RELIANCE,1385.05,1416.46,1383.64,1406.81,4316396
2025-02-25,Reliance Industries,RELIANCE,1413.32,1422.67,1382.58,1391.26,2387275
2025-02-26,Reliance Industries,RELIANCE,1397.23,1426.34,1382.96,1411.75,2148002
2025-02-27,Reliance Industries,RELIANCE,1395.86,1420.58,1384.61,1409.22,22606073
2025-02-28,Reliance Industries,RELIANCE,1418.88,1462.52,1406.67,1448.31,3464673
2025-03-03,Reliance Industries,RELIANCE,1461.5,1468.88,1435.75,1441.6,4142638
2025-03-04,Reliance Industries,RELIANCE,1481.65,1494.6,1431.65,1432.29,3228830
2025-03-05,Reliance Industries,RELIANCE,1451.01,1455.58,1446.45,1453.12,5421152
2025-03-06,Reliance Industries,RELIANCE,1440.39,1455.37,1435.5,1446.43,10477858
2025-03-07,Reliance Industries,RELIANCE,1457.43,1467.27,1400.03,1404.74,5859618
2025-03-10,Reliance Industries,RELIANCE,1391.38,1402.54,1375.78,1388.93,2326479
2025-03-11,Reliance Industries,RELIANCE,1383.35,1388.04,1354.02,1371.94,4790961
2025-03-12,Reliance Industries,RELIANCE,1351.18,1393.82,1337.5,1373.91,2015309
2025-03-13,Reliance Industries,RELIANCE,1365.93,1401.92,1355.31,1397.49,5658024
2025-03-14,Reliance Industries,RELIANCE,1381.94,1391.57,1378.25,1380.88,3563822
2025-03-17,Reliance Industries,RELIANCE,1360.2,1400.97,1354.43,1400.58,4234743
2025-03-18,Reliance Industries,RELIANCE,1424.8,1439.98,1380.01,1388.4,2567186
2025-03-19,Reliance Industries,RELIANCE,1396.1,1406.57,1387.33,1401.52,3357169
2025-03-20,Reliance Industries,RELIANCE,1403.43,1438.11,1401.96,1420.58,10426539
2025-03-21,Reliance Industries,RELIANCE,1387.3,1398.89,1374.07,1383.93,3017035
2025-03-24,Reliance Industries,RELIANCE,1380.47,1385.5,1355.77,1368.64,4688658
2025-03-25,Reliance Industries,RELIANCE,1357.26,1389.61,1344.7,1379.64,5300612
2025-03-26,Reliance Industries,RELIANCE,1365.92,1378.19,1341.13,1352.55,3955407
2025-03-27,Reliance Industries,RELIANCE,1354.46,1391.05,1343.37,1386.01,3645533
2025-03-28,Reliance Industries,RELIANCE,1382.39,1423.26,1369.6,1410.15,7184708
2025-03-31,Reliance Industries,RELIANCE,1410.5,1435.04,1400.21,1428.24,3765667
2025-04-01,Reliance Industries,RELIANCE,1429.9,1449.59,1409.36,1445.65,2539028
2025-04-02,Reliance Industries,RELIANCE,1424.59,1468.05,1412.48,1454.71,5297552
2025-04-03,Reliance Industries,RELIANCE,1454.5,1463.67,1426.73,1431.44,6192217
2025-04-04,Reliance Industries,RELIANCE,1428.92,1435.65,1397.34,1408.11,3098175
2025-04-07,Reliance Industries,RELIANCE,1394.22,1410.53,1388.68,1400.75,3230129
2025-04-08,Reliance Industries,RELIANCE,1404.65,1405.17,1364.18,1368.46,3627117
2025-04-09,Reliance Industries,RELIANCE,1373.57,1423.76,1366.21,1410.46,3958765
2025-04-10,Reliance Industries,RELIANCE,1393.49,1400.24,1383.28,1393.44,2751745
2025-04-11,Reliance Industries,RELIANCE,1402.13,1449.25,1391.46,1441.23,5446941
2025-04-14,Reliance Industries,RELIANCE,1434.29,1449.22,1425.13,1440.51,2819712
2025-04-15,Reliance Industries,RELIANCE,1440.93,1471.45,1426.76,1454.28,10521508
2025-04-16,Reliance Industries,RELIANCE,1440.89,1473.8,1419.62,1463.95,2775289
2025-04-17,Reliance Industries,RELIANCE,1449.19,1452.81,1428.41,1433.99,2837376
2025-04-18,Reliance Industries,RELIANCE,1436.58,1465.38,1422.5,1445.85,3079855
2025-04-21,Reliance Industries,RELIANCE,1430.26,1444.39,1411.2,1443.36,6788550
2025-04-22,Reliance Industries,RELIANCE,1435.23,1451.61,1383.69,1391.4,6969244
2025-04-23,Reliance Industries,RELIANCE,1364.78,1373.0,1342.11,1350.47,3260758
2025-04-24,Reliance Industries,RELIANCE,1360.56,1367.95,1326.17,1334.82,5032852
2025-04-25,Reliance Industries,RELIANCE,1346.22,1346.4,1304.71,1319.37,4636829
2025-04-28,Reliance Industries,RELIANCE,1307.52,1353.11,1293.51,1344.42,4115962
2025-04-29,Reliance Industries,RELIANCE,1377.67,1428.72,1364.05,1421.61,5338307
2025-04-30,Reliance Industries,RELIANCE,1444.96,1457.59,1405.76,1420.29,1809511
2025-05-01,Reliance Industries,RELIANCE,1400.13,1407.02,1337.19,1349.15,7850287
2025-05-02,Reliance Industries,RELIANCE,1350.35,1391.01,1349.25,1390.34,3894218
2025-05-05,Reliance Industries,RELIANCE,1396.75,1399.92,1388.47,1396.35,2219935
2025-05-06,Reliance Industries,RELIANCE,1407.57,1420.46,1402.02,1417.28,2478970
2025-05-07,Reliance Industries,RELIANCE,1416.21,1443.95,1404.86,1440.99,3145187
2025-05-08,Reliance Industries,RELIANCE,1427.28,1429.93,1419.56,1424.96,2329012
2025-05-09,Reliance Industries,RELIANCE,1458.55,1464.59,1448.55,1459.91,3795976
2025-05-12,Reliance Industries,RELIANCE,1456.04,1485.87,1450.4,1472.58,3081360
2025-05-13,Reliance Industries,RELIANCE,1467.72,1467.81,1391.2,1407.34,8370594
2025-05-14,Reliance Industries,RELIANCE,1403.14,1428.39,1377.44,1418.12,6608113
2025-05-15,Reliance Industries,RELIANCE,1415.94,1416.55,1382.53,1392.01,2840930
2025-05-16,Reliance Industries,RELIANCE,1368.26,1370.55,1335.5,1352.74,5937138
2025-05-19,Reliance Industries,RELIANCE,1352.61,1397.81,1349.16,1389.05,7923993
2025-05-20,Reliance Industries,RELIANCE,1398.03,1405.36,1368.92,1372.35,2143048
2025-05-21,Reliance Industries,RELIANCE,1387.6,1436.29,1376.15,1435.71,2979335
2025-05-22,Reliance Industries,RELIANCE,1427.32,1430.95,1403.78,1412.53,2747144
2025-05-23,Reliance Industries,RELIANCE,1417.11,1424.26,1412.9,1416.26,3080039
2025-05-26,Reliance Industries,RELIANCE,1429.09,1445.42,1419.95,1442.41,5599143
2025-05-27,Reliance Industries,RELIANCE,1413.51,1432.54,1401.8,1427.76,2832112
2025-05-28,Reliance Industries,RELIANCE,1396.84,1405.49,1346.79,1356.34,2657928
2025-05-29,Reliance Industries,RELIANCE,1366.73,1374.57,1324.73,1326.26,2977735
2025-05-30,Reliance Industries,RELIANCE,1327.02,1332.94,1293.76,1306.86,3079872
2025-06-02,Reliance Industries,RELIANCE,1319.97,1330.69,1278.3,1293.52,1312914
2025-06-03,Reliance Industries,RELIANCE,1281.15,1301.56,1271.57,1294.85,3042550
2025-06-04,Reliance Industries,RELIANCE,1296.19,1310.02,1283.88,1292.95,4647877
2025-06-05,Reliance Industries,RELIANCE,1286.56,1292.05,1265.99,1275.65,3303711
2025-06-06,Reliance Industries,RELIANCE,1280.09,1340.89,1274.08,1328.29,6855393
2025-06-09,Reliance Industries,RELIANCE,1321.79,1324.39,1271.8,1273.69,3408622
2025-06-10,Reliance Industries,RELIANCE,1273.97,1322.39,1267.45,1312.8,5799211
2025-06-11,Reliance Industries,RELIANCE,1277.97,1295.43,1277.86,1283.77,6680405
2025-06-12,Reliance Industries,RELIANCE,1288.98,1299.98,1260.43,1279.74,4333299
2025-06-13,Reliance Industries,RELIANCE,1283.55,1286.89,1261.45,1273.32,2716248
2025-06-16,Reliance Industries,RELIANCE,1274.41,1284.5,1254.57,1263.84,6368617
2025-06-17,Reliance Industries,RELIANCE,1256.1,1258.72,1245.1,1250.38,4731653
2025-06-18,Reliance Industries,RELIANCE,1261.74,1273.7,1226.99,1241.17,4809221
2025-06-19,Reliance Industries,RELIANCE,1269.13,1270.42,1250.43,1251.83,7828018
2025-06-20,Reliance Industries,RELIANCE,1261.66,1270.64,1258.89,1260.78,12002054
2025-06-23,Reliance Industries,RELIANCE,1262.73,1276.86,1252.72,1265.6,4416013
2025-06-24,Reliance Industries,RELIANCE,1253.59,1281.71,1239.32,1264.61,8177802
2025-06-25,Reliance Industries,RELIANCE,1256.85,1263.76,1227.15,1234.84,6533061
2025-06-26,Reliance Industries,RELIANCE,1209.76,1250.1,1204.56,1243.43,2532083
2025-06-27,Reliance Industries,RELIANCE,1218.73,1244.94,1217.71,1237.16,2229336
2025-06-30,Reliance Industries,RELIANCE,1232.17,1275.86,1232.16,1269.56,3574785
2025-07-01,Reliance Industries,RELIANCE,1265.41,1272.72,1198.24,1204.36,5461821
2025-07-02,Reliance Industries,RELIANCE,1231.08,1262.6,1229.14,1256.41,12711427
2025-07-03,Reliance Industries,RELIANCE,1257.31,1265.42,1248.77,1258.0,3741652
2025-07-04,Reliance Industries,RELIANCE,1249.34,1256.67,1232.68,1237.41,2897095
2025-07-07,Reliance Industries,RELIANCE,1239.0,1253.88,1228.0,1233.68,6525173
2025-07-08,Reliance Industries,RELIANCE,1252.13,1257.92,1200.33,1205.77,2119349
2025-07-09,Reliance Industries,RELIANCE,1194.52,1210.06,1159.59,1171.0,7075861
2025-07-10,Reliance Industries,RELIANCE,1181.14,1185.75,1148.28,1157.49,2303735
2025-07-11,Reliance Industries,RELIANCE,1167.39,1172.65,1152.41,1162.69,4876403
2025-07-14,Reliance Industries,RELIANCE,1157.66,1184.14,1147.86,1182.16,5214196
2025-07-15,Reliance Industries,RELIANCE,1177.77,1186.22,1166.35,1185.04,3674009
2025-07-16,Reliance Industries,RELIANCE,1177.6,1204.01,1177.17,1200.19,1981801
2025-07-17,Reliance Industries,RELIANCE,1208.92,1224.66,1178.67,1181.42,8566804
2025-07-18,Reliance Industries,RELIANCE,1184.41,1188.94,1173.72,1182.71,3925735
2025-07-21,Reliance Industries,RELIANCE,1198.36,1209.12,1192.92,1201.19,3891769
2025-07-22,Reliance Industries,RELIANCE,1205.62,1206.36,1158.39,1168.87,4311901
2025-07-23,Reliance Industries,RELIANCE,1166.29,1175.65,1161.81,1167.03,2813002
2025-07-24,Reliance Industries,RELIANCE,1169.77,1178.7,1148.59,1149.52,6344634
2025-07-25,Reliance Industries,RELIANCE,1156.04,1173.25,1141.4,1161.72,6302560
2025-07-28,Reliance Industries,RELIANCE,1136.05,1140.03,1103.45,1110.23,5040150
2025-07-29,Reliance Industries,RELIANCE,1100.56,1107.88,1096.65,1104.59,2120160
2025-07-30,Reliance Industries,RELIANCE,1092.35,1094.64,1055.21,1066.1,2604550
2025-07-31,Reliance Industries,RELIANCE,1099.78,1117.35,1096.96,1109.87,5471916
2025-08-01,Reliance Industries,RELIANCE,1102.21,1122.9,1096.02,1104.96,6697018
2025-08-04,Reliance Industries,RELIANCE,1095.64,1109.97,1091.45,1095.27,9025837
2025-08-05,Reliance Industries,RELIANCE,1104.58,1114.0,1082.91,1093.72,5281995
2025-08-06,Reliance Industries,RELIANCE,1073.12,1078.49,1053.35,1059.39,5279291
2025-08-07,Reliance Industries,RELIANCE,1061.65,1069.64,1027.7,1036.45,5136619
2025-08-08,Reliance Industries,RELIANCE,1049.89,1074.32,1043.89,1065.97,1890907
2025-08-11,Reliance Industries,RELIANCE,1071.46,1083.41,1070.51,1075.79,2454723
2025-08-12,Reliance Industries,RELIANCE,1089.39,1098.89,1082.28,1088.94,4046610
2025-08-13,Reliance Industries,RELIANCE,1101.2,1108.23,1086.77,1091.3,3283684
2025-08-14,Reliance Industries,RELIANCE,1087.25,1096.39,1075.27,1091.92,2669566
2025-08-15,Reliance Industries,RELIANCE,1089.48,1102.32,1073.84,1081.18,6352316
2025-08-18,Reliance Industries,RELIANCE,1061.91,1077.53,1055.18,1067.33,6449196
2025-08-19,Reliance Industries,RELIANCE,1060.7,1104.46,1055.88,1087.93,3267461
2025-08-20,Reliance Industries,RELIANCE,1106.9,1143.16,1102.12,1138.71,3517274
2025-08-21,Reliance Industries,RELIANCE,1120.34,1122.56,1098.92,1102.15,3930950
2025-08-22,Reliance Industries,RELIANCE,1105.25,1138.7,1094.26,1136.42,3626233
2025-08-25,Reliance Industries,RELIANCE,1135.75,1151.62,1127.2,1149.88,4303346
2025-08-26,Reliance Industries,RELIANCE,1156.68,1181.45,1152.69,1163.05,3144141
2025-08-27,Reliance Industries,RELIANCE,1154.35,1158.33,1130.86,1143.15,7566392
2025-08-28,Reliance Industries,RELIANCE,1135.33,1144.28,1114.42,1118.66,5308497
2025-08-29,Reliance Industries,RELIANCE,1121.38,1135.05,1076.74,1091.12,3030520
2025-09-01,Reliance Industries,RELIANCE,1086.05,1099.97,1076.67,1091.96,9865871
2025-09-02,Reliance Industries,RELIANCE,1089.64,1090.17,1071.01,1074.31,3933707
2025-09-03,Reliance Industries,RELIANCE,1097.45,1105.01,1081.1,1087.55,6815956
2025-09-04,Reliance Industries,RELIANCE,1120.53,1125.06,1098.86,1110.16,5426751
2025-09-05,Reliance Industries,RELIANCE,1134.76,1152.26,1125.27,1147.03,6575864
2025-09-08,Reliance Industries,RELIANCE,1158.32,1181.25,1145.95,1169.24,7436951
2025-09-09,Reliance Industries,RELIANCE,1178.34,1186.11,1162.43,1175.15,2764523
2025-09-10,Reliance Industries,RELIANCE,1180.35,1187.57,1159.32,1172.35,4351340
2025-09-11,Reliance Industries,RELIANCE,1173.0,1183.54,1134.82,1144.64,10569305
2025-09-12,Reliance Industries,RELIANCE,1140.42,1153.27,1126.38,1145.26,3825183
2025-09-15,Reliance Industries,RELIANCE,1149.09,1169.85,1144.25,1162.01,4357201
2025-09-16,Reliance Industries,RELIANCE,1176.98,1184.67,1151.89,1155.59,6836394
2025-09-17,Reliance Industries,RELIANCE,1134.46,1142.98,1109.62,1123.39,3876380
2025-09-18,Reliance Industries,RELIANCE,1115.91,1154.27,1112.79,1154.03,4867088
2025-09-19,Reliance Industries,RELIANCE,1147.07,1157.21,1118.48,1126.33,3097681
2025-09-22,Reliance Industries,RELIANCE,1109.03,1136.47,1102.81,1126.78,9165771
2025-09-23,Reliance Industries,RELIANCE,1112.31,1115.9,1075.8,1082.1,4454844
2025-09-24,Reliance Industries,RELIANCE,1078.97,1087.21,1066.26,1086.13,3847876
2025-09-25,Reliance Industries,RELIANCE,1100.69,1116.48,1091.58,1107.81,4883969
2025-09-26,Reliance Industries,RELIANCE,1116.35,1151.16,1106.49,1143.4,3834765
2025-09-29,Reliance Industries,RELIANCE,1163.16,1178.51,1142.63,1149.34,2097278
2025-09-30,Reliance Industries,RELIANCE,1151.11,1161.89,1133.49,1137.34,3266460
2025-10-01,Reliance Industries,RELIANCE,1111.56,1115.66,1102.47,1102.84,5621935
2025-10-02,Reliance Industries,RELIANCE,1113.24,1124.49,1106.77,1122.1,3986319
2025-10-03,Reliance Industries,RELIANCE,1106.5,1147.59,1100.84,1136.78,4041387
2025-10-06,Reliance Industries,RELIANCE,1139.62,1145.33,1094.48,1098.08,2544057
2025-10-07,Reliance Industries,RELIANCE,1094.37,1139.79,1090.31,1130.11,5166273
2025-10-08,Reliance Industries,RELIANCE,1149.09,1175.85,1145.17,1168.56,5466780
2025-10-09,Reliance Industries,RELIANCE,1174.08,1203.54,1162.11,1193.35,3138150
2025-10-10,Reliance Industries,RELIANCE,1212.21,1234.29,1208.28,1216.89,8720470
2025-10-13,Reliance Industries,RELIANCE,1219.78,1224.74,1200.15,1205.84,4832500
2025-10-14,Reliance Industries,RELIANCE,1213.41,1220.57,1183.74,1201.24,8687488
2025-10-15,Reliance Industries,RELIANCE,1207.53,1216.55,1197.32,1208.72,2519934
2025-10-16,Reliance Industries,RELIANCE,1204.99,1214.14,1159.12,1169.16,3212519
2025-10-17,Reliance Industries,RELIANCE,1191.24,1191.41,1157.28,1165.31,6396069
2025-10-20,Reliance Industries,RELIANCE,1188.86,1201.13,1172.5,1179.4,3694359
2025-10-21,Reliance Industries,RELIANCE,1191.91,1206.63,1177.71,1206.26,7430034
2025-10-22,Reliance Industries,RELIANCE,1197.2,1215.71,1188.77,1206.09,3116941
2025-10-23,Reliance Industries,RELIANCE,1196.37,1209.16,1186.4,1196.18,3379450
2025-10-24,Reliance Industries,RELIANCE,1207.26,1220.05,1144.62,1145.72,3391902
2025-10-27,Reliance Industries,RELIANCE,1130.32,1142.35,1099.76,1104.32,4666532
2025-10-28,Reliance Industries,RELIANCE,1103.7,1120.53,1102.74,1113.51,6251425
2025-10-29,Reliance Industries,RELIANCE,1106.91,1111.66,1063.31,1076.23,5853789
2025-10-30,Reliance Industries,RELIANCE,1071.73,1076.78,1050.07,1065.31,4741532
2025-10-31,Reliance Industries,RELIANCE,1070.81,1098.58,1065.49,1090.99,3655131
2025-11-03,Reliance Industries,RELIANCE,1090.05,1099.76,1082.88,1089.65,5552106
2025-11-04,Reliance Industries,RELIANCE,1088.59,1092.63,1078.07,1090.46,4666499
2025-11-05,Reliance Industries,RELIANCE,1103.52,1119.36,1040.63,1046.32,6574323
2025-11-06,Reliance Industries,RELIANCE,1033.26,1046.84,1029.64,1044.97,9448004
2025-11-07,Reliance Industries,RELIANCE,1042.58,1056.9,1034.26,1046.97,4272409
2025-11-10,Reliance Industries,RELIANCE,1051.56,1103.7,1044.4,1097.36,6406313
2025-11-11,Reliance Industries,RELIANCE,1111.92,1145.73,1110.33,1136.01,8327253
2025-11-12,Reliance Industries,RELIANCE,1120.39,1130.19,1113.95,1126.83,4629424
2025-11-13,Reliance Industries,RELIANCE,1131.17,1154.3,1122.33,1140.1,3577338
2025-11-14,Reliance Industries,RELIANCE,1153.29,1179.61,1143.62,1178.33,5474041
2025-11-17,Reliance Industries,RELIANCE,1174.12,1210.05,1166.49,1203.55,3693620
2025-11-18,Reliance Industries,RELIANCE,1203.77,1204.06,1165.77,1180.38,2727421
2025-11-19,Reliance Industries,RELIANCE,1166.34,1170.36,1120.69,1121.48,8359480
2025-11-20,Reliance Industries,RELIANCE,1135.07,1152.11,1110.22,1121.35,3449796
2025-11-21,Reliance Industries,RELIANCE,1087.72,1133.4,1087.09,1132.9,6325860
2025-11-24,Reliance Industries,RELIANCE,1166.07,1205.34,1156.3,1195.47,5862208
2025-11-25,Reliance Industries,RELIANCE,1206.36,1220.61,1199.42,1212.83,2843982
2025-11-26,Reliance Industries,RELIANCE,1208.74,1215.52,1169.87,1172.27,2429958
2025-11-27,Reliance Industries,RELIANCE,1174.8,1216.24,1174.47,1204.59,2557823
2025-11-28,Reliance Industries,RELIANCE,1218.19,1224.4,1187.19,1197.01,2582439
2025-12-01,Reliance Industries,RELIANCE,1198.52,1202.83,1161.59,1170.1,1949635
2025-12-02,Reliance Industries,RELIANCE,1176.29,1185.95,1168.11,1176.23,7376893
2025-12-03,Reliance Industries,RELIANCE,1177.99,1185.64,1159.68,1169.24,4081548
2025-12-04,Reliance Industries,RELIANCE,1169.81,1173.73,1154.93,1155.38,8774054
2025-12-05,Reliance Industries,RELIANCE,1138.13,1141.69,1113.51,1124.28,3496498
2025-12-08,Reliance Industries,RELIANCE,1141.11,1149.23,1124.63,1127.62,10483541
2025-12-09,Reliance Industries,RELIANCE,1111.55,1127.63,1103.04,1118.09,3673371
2025-12-10,Reliance Industries,RELIANCE,1116.34,1123.61,1105.34,1117.56,10796530
2025-12-11,Reliance Industries,RELIANCE,1110.08,1116.35,1065.37,1083.05,2781070
2025-12-12,Reliance Industries,RELIANCE,1104.35,1142.34,1095.21,1138.03,8308407
2025-12-15,Reliance Industries,RELIANCE,1132.85,1137.01,1126.85,1129.04,2981166
2025-12-16,Reliance Industries,RELIANCE,1112.46,1116.73,1104.74,1113.47,1982455
2025-12-17,Reliance Industries,RELIANCE,1117.89,1137.24,1109.51,1135.0,6937493
2025-12-18,Reliance Industries,RELIANCE,1118.53,1161.38,1114.97,1152.54,3893830
2025-12-19,Reliance Industries,RELIANCE,1160.26,1171.67,1157.57,1162.19,4308982
2025-12-22,Reliance Industries,RELIANCE,1142.48,1145.2,1137.05,1140.53,6963842
2025-12-23,Reliance Industries,RELIANCE,1155.47,1170.39,1150.0,1168.49,6892152
2025-12-24,Reliance Industries,RELIANCE,1170.47,1228.93,1162.55,1219.69,3474279
2025-12-25,Reliance Industries,RELIANCE,1221.64,1232.43,1206.68,1218.66,2803291
2025-12-26,Reliance Industries,RELIANCE,1199.19,1208.82,1158.07,1159.91,1515414
2025-12-29,Reliance Industries,RELIANCE,1165.32,1225.24,1154.42,1217.97,4142554
2025-12-30,Reliance Industries,RELIANCE,1216.52,1243.0,1207.92,1237.01,4614730
2025-12-31,Reliance Industries,RELIANCE,1227.09,1255.99,1223.44,1249.37,5083087
2025-01-01,TCS,TCS,3363.34,3386.13,3328.55,3366.06,4943648
2025-01-02,TCS,TCS,3365.05,3455.08,3337.35,3415.59,4011431
2025-01-03,TCS,TCS,3361.82,3377.89,3286.63,3298.38,3670589
2025-01-06,TCS,TCS,3300.62,3352.14,3274.39,3333.08,4110328
2025-01-07,TCS,TCS,3254.07,3271.71,3196.31,3200.02,5230241
2025-01-08,TCS,TCS,3258.8,3348.42,3219.82,3331.27,4269043
2025-01-09,TCS,TCS,3317.8,3333.69,3267.56,3282.16,4311029
2025-01-10,TCS,TCS,3288.48,3315.14,3253.09,3289.65,6121387
2025-01-13,TCS,TCS,3231.03,3262.49,3081.83,3083.47,3608690
2025-01-14,TCS,TCS,3040.17,3065.0,2915.89,2942.48,3080400
2025-01-15,TCS,TCS,2850.99,2872.56,2823.57,2823.81,4336213
2025-01-16,TCS,TCS,2823.29,2872.06,2817.34,2853.58,6841086
2025-01-17,TCS,TCS,2848.15,2854.61,2835.57,2847.6,2681370
2025-01-20,TCS,TCS,2841.69,2931.6,2840.4,2930.1,7740885
2025-01-21,TCS,TCS,2922.74,2952.43,2878.08,2888.42,9081086
2025-01-22,TCS,TCS,2911.92,2954.51,2876.89,2887.22,5575780
2025-01-23,TCS,TCS,2897.59,3002.67,2879.83,2966.35,2844682
2025-01-24,TCS,TCS,2982.72,3024.64,2927.94,2947.23,3387508
2025-01-27,TCS,TCS,2953.76,2960.01,2851.88,2883.03,2970965
2025-01-28,TCS,TCS,2846.81,2906.05,2821.54,2875.16,6250809
2025-01-29,TCS,TCS,2849.05,2883.25,2763.91,2776.99,3566606
2025-01-30,TCS,TCS,2821.25,2872.64,2779.89,2850.34,2988902
2025-01-31,TCS,TCS,2882.08,2906.32,2847.17,2885.9,5017920
2025-02-03,TCS,TCS,2904.54,2974.93,2896.86,2961.49,2495091
2025-02-04,TCS,TCS,2891.61,3004.26,2876.82,2999.5,3525151
2025-02-05,TCS,TCS,3010.56,3084.52,2999.52,3055.67,3703523
2025-02-06,TCS,TCS,3066.03,3104.14,3028.91,3053.23,5557700
2025-02-07,TCS,TCS,3077.51,3164.58,3075.01,3143.44,4779562
2025-02-10,TCS,TCS,3118.87,3144.9,3056.28,3090.13,4031190
2025-02-11,TCS,TCS,3101.58,3219.81,3050.7,3197.55,5149856
2025-02-12,TCS,TCS,3129.98,3197.24,3095.06,3173.37,5405522
2025-02-13,TCS,TCS,3168.09,3184.45,3091.18,3099.23,3074843
2025-02-14,TCS,TCS,3121.12,3240.24,3117.32,3215.87,4877148
2025-02-17,TCS,TCS,3262.05,3279.87,3207.67,3227.22,2804668
2025-02-18,TCS,TCS,3252.33,3277.3,3238.27,3246.22,3279310
2025-02-19,TCS,TCS,3274.36,3316.63,3239.05,3253.37,4417604
2025-02-20,TCS,TCS,3289.78,3293.21,3206.45,3206.78,7047354
2025-02-21,TCS,TCS,3185.54,3345.66,3164.08,3333.18,7991983
2025-02-24,TCS,TCS,3413.42,3579.47,3378.96,3541.11,5212849
2025-02-25,TCS,TCS,3574.18,3583.93,3518.6,3539.8,3698422
2025-02-26,TCS,TCS,3520.54,3600.75,3498.17,3565.73,7763070
2025-02-27,TCS,TCS,3516.88,3527.9,3500.53,3505.67,3846959
2025-02-28,TCS,TCS,3500.55,3627.62,3493.89,3596.96,9196574
2025-03-03,TCS,TCS,3649.67,3707.8,3641.78,3689.0,3377029
2025-03-04,TCS,TCS,3737.2,3912.15,3722.08,3865.1,2412495
2025-03-05,TCS,TCS,3871.63,3899.87,3729.27,3749.55,3237408
2025-03-06,TCS,TCS,3677.8,3727.27,3672.94,3712.9,1096333
2025-03-07,TCS,TCS,3711.68,3879.64,3696.19,3831.19,3044979
2025-03-10,TCS,TCS,3852.75,3880.51,3750.36,3784.66,6935196
2025-03-11,TCS,TCS,3780.12,3789.52,3757.25,3767.39,3605909
2025-03-12,TCS,TCS,3784.0,3858.08,3738.7,3847.36,3534188
2025-03-13,TCS,TCS,3846.37,3860.59,3759.6,3795.8,5562619
2025-03-14,TCS,TCS,3782.98,3819.23,3782.03,3788.68,3146893
2025-03-17,TCS,TCS,3824.79,3852.23,3737.44,3739.58,4925288
2025-03-18,TCS,TCS,3737.98,3777.83,3619.32,3630.43,2772850
2025-03-19,TCS,TCS,3639.17,3722.7,3616.44,3715.5,4842624
2025-03-20,TCS,TCS,3746.41,3776.47,3736.33,3759.43,4150605
2025-03-21,TCS,TCS,3711.06,3739.81,3483.21,3517.03,1378739
2025-03-24,TCS,TCS,3474.42,3564.19,3453.28,3514.18,2877402
2025-03-25,TCS,TCS,3506.47,3606.57,3496.64,3594.3,3213159
2025-03-26,TCS,TCS,3553.18,3606.61,3527.27,3562.09,3564167
2025-03-27,TCS,TCS,3549.62,3583.45,3431.17,3450.8,3681327
2025-03-28,TCS,TCS,3583.03,3614.16,3567.64,3603.37,6694524
2025-03-31,TCS,TCS,3608.27,3643.19,3504.24,3515.94,9276399
2025-04-01,TCS,TCS,3561.51,3601.12,3511.74,3533.9,5860515
2025-04-02,TCS,TCS,3554.45,3566.63,3465.94,3501.37,3434394
2025-04-03,TCS,TCS,3484.41,3511.22,3376.74,3425.55,2469707
2025-04-04,TCS,TCS,3426.55,3534.65,3399.79,3514.68,2475425
2025-04-07,TCS,TCS,3532.74,3567.87,3484.04,3521.9,12804454
2025-04-08,TCS,TCS,3546.4,3592.44,3530.13,3568.26,4649720
2025-04-09,TCS,TCS,3555.61,3607.67,3548.59,3567.46,6668765
2025-04-10,TCS,TCS,3623.84,3632.86,3604.32,3617.23,7157329
2025-04-11,TCS,TCS,3616.24,3630.63,3519.02,3552.27,5106527
2025-04-14,TCS,TCS,3542.09,3557.79,3511.63,3519.76,8259867
2025-04-15,TCS,TCS,3506.15,3627.33,3471.11,3584.02,3287936
2025-04-16,TCS,TCS,3601.38,3609.97,3574.62,3600.89,2348839
2025-04-17,TCS,TCS,3652.21,3677.07,3596.92,3622.77,3553674
2025-04-18,TCS,TCS,3648.27,3682.88,3615.95,3618.18,4226440
2025-04-21,TCS,TCS,3702.36,3714.54,3607.51,3636.81,4328847
2025-04-22,TCS,TCS,3652.11,3716.84,3613.99,3685.37,4801401
2025-04-23,TCS,TCS,3674.7,3770.88,3654.6,3720.29,2575261
2025-04-24,TCS,TCS,3769.71,3779.85,3727.34,3762.67,3138019
2025-04-25,TCS,TCS,3758.58,3807.75,3725.37,3782.17,3282221
2025-04-28,TCS,TCS,3805.46,3839.54,3756.76,3788.82,2620963
2025-04-29,TCS,TCS,3838.2,3873.63,3773.92,3802.32,9130971
2025-04-30,TCS,TCS,3792.13,3814.58,3751.37,3769.42,5722829
2025-05-01,TCS,TCS,3696.31,3702.7,3591.76,3627.31,8621554
2025-05-02,TCS,TCS,3622.77,3645.52,3574.38,3612.84,2630517
2025-05-05,TCS,TCS,3623.18,3717.38,3598.69,3687.86,6264884
2025-05-06,TCS,TCS,3568.23,3625.07,3563.52,3612.84,5025528
2025-05-07,TCS,TCS,3672.4,3708.43,3618.8,3664.41,7215279
2025-05-08,TCS,TCS,3736.53,3811.43,3735.0,3787.56,3574271
2025-05-09,TCS,TCS,3749.24,3917.51,3724.89,3896.87,5117458
2025-05-12,TCS,TCS,3898.91,4033.14,3872.48,4019.04,2858730
2025-05-13,TCS,TCS,3955.38,3978.52,3896.25,3913.01,2923846
2025-05-14,TCS,TCS,3846.97,3847.04,3807.63,3842.37,4143692
2025-05-15,TCS,TCS,3775.16,3786.46,3727.96,3755.29,7298670
2025-05-16,TCS,TCS,3670.78,3699.21,3638.9,3679.49,4394825
2025-05-19,TCS,TCS,3646.28,3656.55,3589.07,3626.44,4031262
2025-05-20,TCS,TCS,3709.17,3720.92,3706.03,3706.23,1773715
2025-05-21,TCS,TCS,3635.78,3683.71,3634.6,3654.35,5973044
2025-05-22,TCS,TCS,3633.17,3689.22,3598.34,3643.86,3538315
2025-05-23,TCS,TCS,3604.89,3616.15,3448.47,3466.34,2560643
2025-05-26,TCS,TCS,3460.88,3484.39,3449.12,3466.71,4307613
2025-05-27,TCS,TCS,3485.1,3525.67,3398.58,3417.74,4026799
2025-05-28,TCS,TCS,3446.78,3496.26,3422.14,3462.29,3031000
2025-05-29,TCS,TCS,3477.31,3499.68,3386.77,3406.76,3635827
2025-05-30,TCS,TCS,3401.51,3414.45,3266.36,3287.31,4290592
2025-06-02,TCS,TCS,3246.77,3330.13,3214.7,3321.71,4839091
2025-06-03,TCS,TCS,3295.95,3406.44,3264.06,3402.27,6263577
2025-06-04,TCS,TCS,3374.89,3477.79,3350.74,3460.49,4489019
2025-06-05,TCS,TCS,3454.91,3538.54,3451.48,3506.37,7181028
2025-06-06,TCS,TCS,3436.42,3538.11,3430.8,3501.32,3318865
2025-06-09,TCS,TCS,3454.86,3471.33,3411.14,3442.53,7200340
2025-06-10,TCS,TCS,3500.19,3518.26,3463.28,3465.82,2778324
2025-06-11,TCS,TCS,3505.95,3612.79,3493.22,3608.96,3945622
2025-06-12,TCS,TCS,3621.09,3648.96,3554.75,3569.41,3966903
2025-06-13,TCS,TCS,3592.8,3609.59,3572.82,3594.3,3837135
2025-06-16,TCS,TCS,3578.34,3622.69,3533.37,3562.74,3495663
2025-06-17,TCS,TCS,3592.54,3630.95,3545.32,3572.03,3804571
2025-06-18,TCS,TCS,3591.22,3596.58,3486.48,3490.75,4258060
2025-06-19,TCS,TCS,3563.33,3739.22,3534.81,3707.51,1775378
2025-06-20,TCS,TCS,3683.37,3696.32,3612.89,3632.24,3228600
2025-06-23,TCS,TCS,3545.97,3600.92,3521.3,3594.77,10153582
2025-06-24,TCS,TCS,3555.11,3572.38,3358.95,3394.26,9638310
2025-06-25,TCS,TCS,3344.18,3389.05,3325.53,3375.08,13124017
2025-06-26,TCS,TCS,3314.21,3356.55,3279.93,3330.34,4172777
2025-06-27,TCS,TCS,3342.65,3366.31,3304.73,3320.09,5281429
2025-06-30,TCS,TCS,3305.37,3348.38,3270.65,3328.79,3901504
2025-07-01,TCS,TCS,3257.97,3340.87,3246.94,3332.95,3053968
2025-07-02,TCS,TCS,3387.92,3450.77,3225.38,3258.7,4414731
2025-07-03,TCS,TCS,3256.55,3300.74,3228.61,3274.27,5126952
2025-07-04,TCS,TCS,3277.79,3295.47,3250.07,3267.13,6650459
2025-07-07,TCS,TCS,3290.4,3318.77,3096.1,3117.23,3959312
2025-07-08,TCS,TCS,3102.7,3197.41,3093.68,3166.41,4795428
2025-07-09,TCS,TCS,3129.49,3140.42,3023.87,3052.72,6131232
2025-07-10,TCS,TCS,3071.51,3137.62,3060.96,3112.52,4849398
2025-07-11,TCS,TCS,3142.42,3220.29,3114.66,3186.02,4676926
2025-07-14,TCS,TCS,3226.94,3234.92,3209.11,3226.37,2855603
2025-07-15,TCS,TCS,3200.23,3209.28,3177.64,3192.86,1702951
2025-07-16,TCS,TCS,3201.03,3210.81,3173.39,3202.06,6088465
2025-07-17,TCS,TCS,3140.29,3149.47,3091.18,3098.12,5799392
2025-07-18,TCS,TCS,3090.92,3097.15,3050.84,3077.13,2286044
2025-07-21,TCS,TCS,3079.34,3131.06,3076.98,3095.64,1026042
2025-07-22,TCS,TCS,3102.47,3239.05,3081.25,3203.95,3200327
2025-07-23,TCS,TCS,3234.98,3260.55,3153.76,3179.26,6433919
2025-07-24,TCS,TCS,3284.54,3321.85,3265.17,3308.73,1801113
2025-07-25,TCS,TCS,3281.15,3293.95,3236.42,3257.96,2757709
2025-07-28,TCS,TCS,3301.79,3322.48,3286.31,3302.79,4281593
2025-07-29,TCS,TCS,3335.49,3346.72,3268.71,3284.43,2178959
2025-07-30,TCS,TCS,3252.14,3283.03,3202.5,3225.24,4356220
2025-07-31,TCS,TCS,3258.17,3282.81,3232.93,3251.09,4499213
2025-08-01,TCS,TCS,3228.36,3245.99,3051.51,3087.6,6057434
2025-08-04,TCS,TCS,3123.37,3214.1,3102.17,3193.81,3023896
2025-08-05,TCS,TCS,3181.69,3252.72,3164.38,3217.91,3260577
2025-08-06,TCS,TCS,3217.93,3254.45,3207.68,3253.72,3116616
2025-08-07,TCS,TCS,3206.06,3223.4,3164.39,3177.7,7676009
2025-08-08,TCS,TCS,3190.16,3235.6,3185.55,3208.37,6373123
2025-08-11,TCS,TCS,3205.45,3250.65,3204.76,3245.1,5769236
2025-08-12,TCS,TCS,3259.76,3267.97,3174.12,3207.8,2337902
2025-08-13,TCS,TCS,3271.04,3299.02,3203.91,3218.99,5237916
2025-08-14,TCS,TCS,3197.97,3217.68,3183.21,3189.56,5572592
2025-08-15,TCS,TCS,3169.92,3176.33,3144.41,3157.83,3663895
2025-08-18,TCS,TCS,3249.25,3315.64,3233.17,3296.11,4033357
2025-08-19,TCS,TCS,3317.75,3352.45,3219.45,3248.23,5516110
2025-08-20,TCS,TCS,3265.32,3295.85,3238.0,3267.45,3404748
2025-08-21,TCS,TCS,3244.96,3291.55,3241.58,3251.89,2062880
2025-08-22,TCS,TCS,3258.32,3284.11,3235.59,3262.28,3611229
2025-08-25,TCS,TCS,3320.6,3329.52,3207.89,3225.91,1906090
2025-08-26,TCS,TCS,3219.1,3336.52,3196.82,3316.34,2264638
2025-08-27,TCS,TCS,3291.81,3307.38,3234.18,3270.57,5131768
2025-08-28,TCS,TCS,3226.95,3268.15,3192.87,3242.23,8131397
2025-08-29,TCS,TCS,3202.74,3205.85,3140.97,3156.96,4925130
2025-09-01,TCS,TCS,3194.36,3209.44,3169.87,3190.95,2741965
2025-09-02,TCS,TCS,3270.96,3293.0,3132.51,3177.29,4005023
2025-09-03,TCS,TCS,3170.04,3186.78,3114.39,3150.6,1475728
2025-09-04,TCS,TCS,3208.57,3224.4,3113.9,3127.3,5203536
2025-09-05,TCS,TCS,3067.32,3137.37,3065.64,3093.76,4348614
2025-09-08,TCS,TCS,3069.18,3112.43,3058.64,3093.63,4973043
2025-09-09,TCS,TCS,3160.62,3188.68,3148.1,3150.7,2596314
2025-09-10,TCS,TCS,3168.56,3278.31,3153.52,3254.16,3991513
2025-09-11,TCS,TCS,3205.33,3272.06,3191.9,3241.17,3231577
2025-09-12,TCS,TCS,3251.51,3270.16,3180.46,3226.93,3572722
2025-09-15,TCS,TCS,3213.05,3241.9,3159.81,3176.57,2981038
2025-09-16,TCS,TCS,3226.93,3322.27,3222.2,3310.36,6283144
2025-09-17,TCS,TCS,3283.16,3337.13,3251.74,3330.87,2315121
2025-09-18,TCS,TCS,3360.08,3369.29,3345.39,3361.95,5437572
2025-09-19,TCS,TCS,3366.22,3449.96,3365.36,3402.64,8266697
2025-09-22,TCS,TCS,3406.9,3409.22,3335.23,3352.81,6045003
2025-09-23,TCS,TCS,3347.68,3440.41,3327.75,3439.74,2272572
2025-09-24,TCS,TCS,3454.75,3526.09,3439.49,3510.94,4366737
2025-09-25,TCS,TCS,3529.34,3595.0,3523.28,3556.08,5422661
2025-09-26,TCS,TCS,3606.97,3633.22,3478.66,3492.58,3848964
2025-09-29,TCS,TCS,3507.15,3518.71,3456.1,3477.44,2447895
2025-09-30,TCS,TCS,3432.13,3480.01,3402.39,3475.13,4916788
2025-10-01,TCS,TCS,3403.16,3439.84,3355.7,3362.68,3239786
2025-10-02,TCS,TCS,3381.32,3447.15,3369.12,3430.02,7572746
2025-10-03,TCS,TCS,3501.59,3586.94,3491.9,3564.34,2747769
2025-10-06,TCS,TCS,3586.69,3656.73,3555.83,3614.77,2030137
2025-10-07,TCS,TCS,3660.4,3676.74,3570.57,3595.74,9801542
2025-10-08,TCS,TCS,3729.93,3791.65,3699.58,3771.79,5953232
2025-10-09,TCS,TCS,3757.27,3906.66,3727.25,3879.81,5387898
2025-10-10,TCS,TCS,3899.44,3973.48,3884.75,3959.49,2433717
2025-10-13,TCS,TCS,3980.38,4069.0,3929.83,4037.38,3982744
2025-10-14,TCS,TCS,4069.78,4087.9,3955.98,3991.03,5850840
2025-10-15,TCS,TCS,3976.95,3977.23,3954.85,3973.01,5960544
2025-10-16,TCS,TCS,4000.44,4062.72,3976.32,4037.69,2966387
2025-10-17,TCS,TCS,4071.55,4136.32,4055.69,4103.62,1515105
2025-10-20,TCS,TCS,4157.65,4168.25,4086.89,4123.06,3347064
2025-10-21,TCS,TCS,4175.51,4260.02,4173.27,4223.13,6888574
2025-10-22,TCS,TCS,4236.37,4264.22,4204.83,4209.48,4798883
2025-10-23,TCS,TCS,4157.49,4157.86,4015.1,4057.51,3008136
2025-10-24,TCS,TCS,4132.18,4135.61,4087.29,4093.57,6962959
2025-10-27,TCS,TCS,4085.91,4113.04,4014.41,4046.81,6601645
2025-10-28,TCS,TCS,4117.16,4120.02,4073.95,4091.73,4488935
2025-10-29,TCS,TCS,4044.41,4074.24,3952.86,3975.94,4052151
2025-10-30,TCS,TCS,3939.75,3948.83,3887.07,3924.6,6362056
2025-10-31,TCS,TCS,3837.65,3837.7,3761.76,3774.59,3845648
2025-11-03,TCS,TCS,3708.93,3716.29,3623.58,3648.5,4119345
2025-11-04,TCS,TCS,3616.9,3643.34,3599.13,3629.5,8478579
2025-11-05,TCS,TCS,3687.88,3722.25,3569.41,3602.72,2381596
2025-11-06,TCS,TCS,3638.11,3745.57,3629.64,3739.92,6311902
2025-11-07,TCS,TCS,3752.1,3818.38,3723.73,3790.47,2198064
2025-11-10,TCS,TCS,3838.11,3939.99,3815.75,3920.07,2004693
2025-11-11,TCS,TCS,3944.26,4008.98,3902.85,3986.05,3435473
2025-11-12,TCS,TCS,4013.06,4036.76,3919.71,3940.61,4418843
2025-11-13,TCS,TCS,3923.14,3959.64,3898.38,3915.03,1937754
2025-11-14,TCS,TCS,3997.22,4101.22,3962.21,4097.82,3184039
2025-11-17,TCS,TCS,4110.78,4154.71,4099.0,4133.78,2926320
2025-11-18,TCS,TCS,4088.33,4111.76,4015.71,4028.34,5427143
2025-11-19,TCS,TCS,4100.24,4128.77,4026.19,4058.66,4937654
2025-11-20,TCS,TCS,4062.36,4150.53,4058.09,4117.88,5903879
2025-11-21,TCS,TCS,4161.73,4187.33,4069.94,4105.8,3633870
2025-11-24,TCS,TCS,4158.66,4349.25,4156.68,4336.86,4577750
2025-11-25,TCS,TCS,4374.41,4426.09,4354.73,4357.55,5453746
2025-11-26,TCS,TCS,4325.87,4523.36,4313.18,4461.04,3117990
2025-11-27,TCS,TCS,4507.06,4533.28,4449.69,4477.0,1683098
2025-11-28,TCS,TCS,4476.26,4494.29,4369.96,4422.03,2268369
2025-12-01,TCS,TCS,4465.18,4486.98,4403.39,4444.1,4653001
2025-12-02,TCS,TCS,4474.53,4575.14,4458.64,4553.85,2450205
2025-12-03,TCS,TCS,4508.75,4801.58,4506.06,4749.44,2202038
2025-12-04,TCS,TCS,4776.9,4864.94,4753.11,4825.39,3773621
2025-12-05,TCS,TCS,4844.38,4867.29,4819.77,4853.32,2721971
2025-12-08,TCS,TCS,4863.53,5164.62,4840.45,5126.33,6045414
2025-12-09,TCS,TCS,5156.02,5240.35,5082.67,5196.55,2400290
2025-12-10,TCS,TCS,5226.09,5269.06,5128.56,5140.51,3309093
2025-12-11,TCS,TCS,5122.31,5264.26,5117.1,5213.82,4092720
2025-12-12,TCS,TCS,5169.42,5195.95,5029.78,5053.87,11899684
2025-12-15,TCS,TCS,5080.13,5099.13,4905.7,4955.68,10219408
2025-12-16,TCS,TCS,4861.36,4926.91,4662.81,4698.32,2701366
2025-12-17,TCS,TCS,4728.46,4756.9,4472.61,4505.55,6052134
2025-12-18,TCS,TCS,4450.73,4469.18,4419.48,4458.93,2668679
2025-12-19,TCS,TCS,4437.09,4475.27,4317.77,4358.89,3592722
2025-12-22,TCS,TCS,4360.89,4381.83,4223.85,4248.49,12985668
2025-12-23,TCS,TCS,4191.8,4346.51,4161.94,4303.53,8809834
2025-12-24,TCS,TCS,4322.75,4379.53,4275.66,4354.33,6539760
2025-12-25,TCS,TCS,4321.63,4344.05,4208.49,4220.31,3880264
2025-12-26,TCS,TCS,4282.97,4307.94,4222.52,4249.0,5849073
2025-12-29,TCS,TCS,4134.44,4162.74,4046.35,4090.53,3199944
2025-12-30,TCS,TCS,3998.42,4058.2,3993.45,4044.22,3014801
2025-12-31,TCS,TCS,4035.26,4046.65,3954.27,3992.55,7086440
2025-01-01,Infosys,INFY,1511.73,1519.58,1472.37,1481.22,5227571
2025-01-02,Infosys,INFY,1493.1,1502.55,1462.28,1473.82,7687606
2025-01-03,Infosys,INFY,1486.28,1517.39,1468.98,1507.83,4801280
2025-01-06,Infosys,INFY,1492.25,1543.85,1485.94,1530.4,3217863
2025-01-07,Infosys,INFY,1535.84,1559.63,1524.72,1549.11,8580311
2025-01-08,Infosys,INFY,1569.03,1590.26,1566.09,1574.88,4775776
2025-01-09,Infosys,INFY,1609.08,1613.28,1597.81,1603.24,2445267
2025-01-10,Infosys,INFY,1588.15,1588.75,1568.46,1578.03,5992532
2025-01-13,Infosys,INFY,1560.84,1616.89,1545.04,1603.99,2969708
2025-01-14,Infosys,INFY,1620.44,1635.93,1578.45,1589.08,5121526
2025-01-15,Infosys,INFY,1566.66,1579.8,1538.49,1541.89,4918149
2025-01-16,Infosys,INFY,1516.59,1541.85,1504.14,1540.2,5291085
2025-01-17,Infosys,INFY,1527.33,1554.66,1521.45,1543.78,2536131
2025-01-20,Infosys,INFY,1507.43,1517.76,1497.81,1517.37,3546416
2025-01-21,Infosys,INFY,1529.73,1536.89,1508.29,1521.87,4642558
2025-01-22,Infosys,INFY,1527.65,1541.23,1513.86,1541.01,5259838
2025-01-23,Infosys,INFY,1522.21,1531.1,1507.7,1515.98,4640055
2025-01-24,Infosys,INFY,1542.02,1573.69,1528.93,1572.51,7260941
2025-01-27,Infosys,INFY,1579.8,1633.94,1563.86,1611.3,4466826
2025-01-28,Infosys,INFY,1631.51,1646.23,1624.01,1636.25,8068966
2025-01-29,Infosys,INFY,1620.18,1678.68,1619.53,1665.36,4711148
2025-01-30,Infosys,INFY,1623.39,1657.82,1617.5,1642.16,4221058
2025-01-31,Infosys,INFY,1680.66,1683.63,1646.0,1665.87,9656716
2025-02-03,Infosys,INFY,1665.94,1716.06,1660.9,1696.77,3209457
2025-02-04,Infosys,INFY,1721.84,1789.22,1717.56,1774.58,9763656
2025-02-05,Infosys,INFY,1763.27,1776.26,1731.74,1753.16,5863687
2025-02-06,Infosys,INFY,1761.89,1788.08,1747.38,1777.11,1279139
2025-02-07,Infosys,INFY,1770.79,1781.49,1757.42,1779.01,3641797
2025-02-10,Infosys,INFY,1816.48,1876.19,1806.68,1868.46,3862107
2025-02-11,Infosys,INFY,1858.33,1870.95,1855.59,1865.42,5284137
2025-02-12,Infosys,INFY,1879.51,1897.52,1846.42,1852.86,4474585
2025-02-13,Infosys,INFY,1871.1,1885.73,1863.17,1870.53,3654939
2025-02-14,Infosys,INFY,1865.91,1875.79,1841.04,1841.39,3201022
2025-02-17,Infosys,INFY,1835.1,1844.34,1816.68,1827.19,4954212
2025-02-18,Infosys,INFY,1846.36,1848.55,1821.98,1825.32,3206718
2025-02-19,Infosys,INFY,1817.61,1819.1,1785.48,1792.97,4332442
2025-02-20,Infosys,INFY,1805.77,1813.62,1784.09,1788.19,3936696
2025-02-21,Infosys,INFY,1769.99,1790.82,1761.91,1788.78,4572169
2025-02-24,Infosys,INFY,1792.72,1894.07,1789.17,1880.16,3824893
2025-02-25,Infosys,INFY,1840.09,1845.0,1820.21,1837.97,3118014
2025-02-26,Infosys,INFY,1835.39,1859.17,1806.39,1814.95,9107881
2025-02-27,Infosys,INFY,1832.68,1862.95,1818.8,1849.13,1677050
2025-02-28,Infosys,INFY,1842.94,1882.4,1842.24,1871.53,3899730
2025-03-03,Infosys,INFY,1909.8,1964.48,1891.08,1953.24,3385702
2025-03-04,Infosys,INFY,1913.3,1936.75,1872.81,1882.04,3578582
2025-03-05,Infosys,INFY,1875.27,1964.36,1847.37,1940.1,3717008
2025-03-06,Infosys,INFY,1946.99,1970.17,1891.9,1894.42,4401909
2025-03-07,Infosys,INFY,1869.47,1874.43,1843.62,1850.22,3132665
2025-03-10,Infosys,INFY,1838.05,1869.12,1825.4,1866.17,6907246
2025-03-11,Infosys,INFY,1854.68,1864.09,1811.64,1831.27,4357235
2025-03-12,Infosys,INFY,1819.59,1838.91,1803.72,1835.99,4798784
2025-03-13,Infosys,INFY,1829.2,1833.69,1787.47,1802.14,6941588
2025-03-14,Infosys,INFY,1788.36,1807.89,1781.81,1803.65,3937369
2025-03-17,Infosys,INFY,1783.96,1789.9,1741.85,1754.43,3669998
2025-03-18,Infosys,INFY,1707.3,1713.4,1629.78,1642.64,1159643
2025-03-19,Infosys,INFY,1632.79,1651.66,1610.6,1617.82,4743780
2025-03-20,Infosys,INFY,1620.56,1635.26,1548.2,1558.9,5018897
2025-03-21,Infosys,INFY,1632.34,1653.4,1563.98,1571.6,4543908
2025-03-24,Infosys,INFY,1570.74,1576.58,1547.81,1559.22,2017302
2025-03-25,Infosys,INFY,1573.26,1575.59,1555.39,1561.95,7030139
2025-03-26,Infosys,INFY,1551.91,1567.2,1537.9,1562.39,5435589
2025-03-27,Infosys,INFY,1597.05,1610.9,1582.3,1592.48,7153714
2025-03-28,Infosys,INFY,1578.75,1608.75,1569.68,1600.39,4161094
2025-03-31,Infosys,INFY,1605.23,1616.24,1582.63,1602.36,6221069
2025-04-01,Infosys,INFY,1619.07,1623.03,1590.5,1606.28,5922214
2025-04-02,Infosys,INFY,1634.67,1642.97,1616.48,1617.38,3346374
2025-04-03,Infosys,INFY,1636.73,1650.74,1614.97,1623.47,4619632
2025-04-04,Infosys,INFY,1601.12,1613.62,1592.71,1604.05,1917028
2025-04-07,Infosys,INFY,1627.26,1663.51,1607.6,1650.52,2605115
2025-04-08,Infosys,INFY,1685.13,1722.58,1667.37,1713.91,2427003
2025-04-09,Infosys,INFY,1696.96,1703.55,1675.9,1678.88,6923191
2025-04-10,Infosys,INFY,1673.66,1691.05,1671.51,1684.78,4508728
2025-04-11,Infosys,INFY,1646.12,1646.99,1621.64,1644.58,6017083
2025-04-14,Infosys,INFY,1646.67,1689.02,1633.21,1684.62,4368432
2025-04-15,Infosys,INFY,1689.96,1744.61,1677.86,1729.17,1896082
2025-04-16,Infosys,INFY,1709.25,1720.14,1703.46,1705.98,11819420
2025-04-17,Infosys,INFY,1737.03,1767.42,1728.08,1756.37,2601598
2025-04-18,Infosys,INFY,1758.01,1768.52,1745.11,1766.69,3723346
2025-04-21,Infosys,INFY,1726.25,1733.75,1676.99,1700.03,5129141
2025-04-22,Infosys,INFY,1672.78,1688.24,1655.5,1687.92,3230003
2025-04-23,Infosys,INFY,1686.02,1728.24,1685.33,1726.77,3070590
2025-04-24,Infosys,INFY,1748.28,1757.6,1693.86,1700.99,5118046
2025-04-25,Infosys,INFY,1725.49,1733.01,1693.46,1711.63,1721344
2025-04-28,Infosys,INFY,1703.65,1723.33,1696.9,1710.0,4055150
2025-04-29,Infosys,INFY,1658.94,1671.9,1636.38,1639.78,4100186
2025-04-30,Infosys,INFY,1648.57,1659.59,1635.38,1638.9,3638292
2025-05-01,Infosys,INFY,1650.9,1662.11,1639.52,1656.06,5507241
2025-05-02,Infosys,INFY,1615.32,1657.19,1602.88,1649.51,6843166
2025-05-05,Infosys,INFY,1622.36,1630.22,1597.54,1602.13,8716440
2025-05-06,Infosys,INFY,1585.66,1596.47,1568.4,1570.28,3341544
2025-05-07,Infosys,INFY,1576.26,1585.13,1561.2,1567.29,2019758
2025-05-08,Infosys,INFY,1573.33,1633.37,1562.48,1623.51,5453265
2025-05-09,Infosys,INFY,1598.78,1659.48,1578.75,1648.25,2870897
2025-05-12,Infosys,INFY,1684.21,1722.24,1672.53,1708.22,3570306
2025-05-13,Infosys,INFY,1732.83,1740.97,1730.17,1737.72,3672449
2025-05-14,Infosys,INFY,1744.19,1763.16,1739.79,1742.93,4259296
2025-05-15,Infosys,INFY,1704.91,1738.46,1691.82,1728.74,2706732
2025-05-16,Infosys,INFY,1755.28,1803.63,1745.66,1788.72,5183213
2025-05-19,Infosys,INFY,1773.55,1824.08,1755.31,1801.39,2875332
2025-05-20,Infosys,INFY,1809.2,1824.2,1753.84,1767.63,1721286
2025-05-21,Infosys,INFY,1742.99,1751.35,1732.61,1734.63,4756584
2025-05-22,Infosys,INFY,1739.86,1745.04,1716.62,1734.3,8410009
2025-05-23,Infosys,INFY,1724.24,1737.97,1697.96,1705.76,3750018
2025-05-26,Infosys,INFY,1720.9,1740.3,1651.81,1662.27,3317851
2025-05-27,Infosys,INFY,1660.49,1662.02,1639.98,1659.86,4067733
2025-05-28,Infosys,INFY,1668.69,1701.02,1655.52,1697.77,3539731
2025-05-29,Infosys,INFY,1715.02,1724.63,1643.95,1649.87,4850140
2025-05-30,Infosys,INFY,1659.17,1664.4,1629.43,1638.54,2667123
2025-06-02,Infosys,INFY,1655.09,1664.41,1637.19,1644.59,2502135
2025-06-03,Infosys,INFY,1612.4,1622.78,1559.12,1576.97,4597085
2025-06-04,Infosys,INFY,1565.49,1585.38,1560.45,1578.81,2375068
2025-06-05,Infosys,INFY,1545.62,1555.87,1526.61,1535.23,3311179
2025-06-06,Infosys,INFY,1517.81,1536.0,1503.99,1534.88,2543374
2025-06-09,Infosys,INFY,1521.02,1527.1,1466.65,1481.32,5035546
2025-06-10,Infosys,INFY,1498.71,1515.65,1491.7,1513.25,2810605
2025-06-11,Infosys,INFY,1537.41,1552.13,1490.35,1504.75,9095852
2025-06-12,Infosys,INFY,1497.35,1539.95,1492.07,1517.0,2001148
2025-06-13,Infosys,INFY,1482.78,1504.55,1476.09,1502.25,4861175
2025-06-16,Infosys,INFY,1505.58,1528.02,1488.85,1517.57,2601132
2025-06-17,Infosys,INFY,1505.24,1519.27,1470.5,1484.75,4891704
2025-06-18,Infosys,INFY,1505.84,1524.92,1456.53,1474.36,5559562
2025-06-19,Infosys,INFY,1505.89,1511.76,1456.96,1461.43,5524292
2025-06-20,Infosys,INFY,1443.02,1479.92,1430.35,1463.12,4536598
2025-06-23,Infosys,INFY,1445.78,1461.68,1411.19,1424.18,3923290
2025-06-24,Infosys,INFY,1417.03,1419.47,1347.15,1365.79,2244054
2025-06-25,Infosys,INFY,1368.89,1395.49,1359.67,1394.13,6089411
2025-06-26,Infosys,INFY,1394.34,1467.73,1380.06,1466.74,3694069
2025-06-27,Infosys,INFY,1480.33,1497.11,1470.09,1492.53,1730540
2025-06-30,Infosys,INFY,1503.34,1524.79,1487.96,1511.86,4711085
2025-07-01,Infosys,INFY,1514.54,1519.32,1474.96,1490.98,7620487
2025-07-02,Infosys,INFY,1486.72,1491.94,1470.82,1488.4,5386668
2025-07-03,Infosys,INFY,1523.07,1529.9,1489.06,1499.45,5340983
2025-07-04,Infosys,INFY,1495.57,1509.81,1459.43,1472.51,2643664
2025-07-07,Infosys,INFY,1496.46,1538.43,1487.01,1528.43,5123385
2025-07-08,Infosys,INFY,1512.63,1517.85,1498.25,1513.9,1977468
2025-07-09,Infosys,INFY,1541.21,1549.16,1527.17,1532.52,3507389
2025-07-10,Infosys,INFY,1558.6,1575.92,1478.33,1489.28,2319449
2025-07-11,Infosys,INFY,1470.06,1518.22,1468.02,1514.86,6661075
2025-07-14,Infosys,INFY,1521.01,1531.46,1492.95,1495.79,6552581
2025-07-15,Infosys,INFY,1514.84,1541.2,1495.08,1529.8,3992223
2025-07-16,Infosys,INFY,1508.11,1542.58,1505.18,1520.76,3393396
2025-07-17,Infosys,INFY,1528.36,1531.53,1511.32,1527.34,11341944
2025-07-18,Infosys,INFY,1530.93,1531.23,1495.88,1506.48,6561598
2025-07-21,Infosys,INFY,1515.07,1520.98,1512.6,1515.46,5813178
2025-07-22,Infosys,INFY,1532.07,1551.01,1477.55,1489.91,7495531
2025-07-23,Infosys,INFY,1465.91,1473.83,1418.85,1430.31,8960731
2025-07-24,Infosys,INFY,1442.43,1445.16,1420.87,1436.56,2586671
2025-07-25,Infosys,INFY,1464.63,1482.74,1444.87,1457.58,3754073
2025-07-28,Infosys,INFY,1448.49,1459.66,1430.95,1440.04,3056511
2025-07-29,Infosys,INFY,1437.18,1443.26,1425.92,1439.64,2569252
2025-07-30,Infosys,INFY,1419.71,1421.38,1376.22,1377.02,2902086
2025-07-31,Infosys,INFY,1409.3,1418.75,1385.76,1396.38,4235361
2025-08-01,Infosys,INFY,1395.08,1411.55,1347.42,1365.49,1872534
2025-08-04,Infosys,INFY,1348.71,1351.59,1331.55,1342.32,2877054
2025-08-05,Infosys,INFY,1377.19,1416.76,1363.27,1407.12,6567574
2025-08-06,Infosys,INFY,1397.6,1406.42,1364.47,1377.48,4250627
2025-08-07,Infosys,INFY,1351.41,1359.12,1324.7,1332.29,9700073
2025-08-08,Infosys,INFY,1310.13,1338.26,1290.37,1322.45,3328462
2025-08-11,Infosys,INFY,1330.25,1353.4,1322.79,1344.29,4858250
2025-08-12,Infosys,INFY,1303.44,1328.42,1296.78,1319.83,10029968
2025-08-13,Infosys,INFY,1309.14,1327.43,1296.56,1300.04,3117207
2025-08-14,Infosys,INFY,1297.74,1326.77,1296.67,1317.77,3142484
2025-08-15,Infosys,INFY,1308.17,1318.25,1296.72,1306.74,1795501
2025-08-18,Infosys,INFY,1323.43,1345.18,1313.13,1329.84,6554060
2025-08-19,Infosys,INFY,1337.28,1381.17,1329.78,1370.09,11101553
2025-08-20,Infosys,INFY,1384.71,1400.68,1383.54,1399.42,4554935
2025-08-21,Infosys,INFY,1401.87,1411.07,1369.66,1386.79,5459845
2025-08-22,Infosys,INFY,1367.8,1371.61,1359.39,1365.47,3314684
2025-08-25,Infosys,INFY,1357.64,1365.09,1322.39,1327.38,1068480
2025-08-26,Infosys,INFY,1360.08,1393.37,1351.81,1387.14,2356659
2025-08-27,Infosys,INFY,1415.37,1473.83,1401.08,1464.13,4320488
2025-08-28,Infosys,INFY,1440.64,1450.05,1424.41,1430.39,3618629
2025-08-29,Infosys,INFY,1428.83,1437.7,1424.67,1427.17,2891664
2025-09-01,Infosys,INFY,1405.17,1433.79,1390.26,1430.33,7450988
2025-09-02,Infosys,INFY,1425.14,1431.63,1350.99,1358.79,2533800
2025-09-03,Infosys,INFY,1350.39,1400.01,1347.28,1387.99,1945598
2025-09-04,Infosys,INFY,1382.54,1393.58,1372.33,1377.65,5026200
2025-09-05,Infosys,INFY,1409.64,1439.06,1402.21,1430.75,3400717
2025-09-08,Infosys,INFY,1451.02,1459.99,1426.17,1435.07,3185746
2025-09-09,Infosys,INFY,1411.44,1428.24,1400.15,1420.07,3140460
2025-09-10,Infosys,INFY,1440.87,1459.38,1417.16,1418.56,4855615
2025-09-11,Infosys,INFY,1426.66,1437.64,1391.02,1406.66,1472440
2025-09-12,Infosys,INFY,1415.14,1418.17,1335.13,1352.06,3073102
2025-09-15,Infosys,INFY,1333.01,1352.04,1326.9,1328.66,2487802
2025-09-16,Infosys,INFY,1352.54,1405.98,1351.12,1398.17,10253499
2025-09-17,Infosys,INFY,1424.92,1446.73,1416.65,1442.76,3714809
2025-09-18,Infosys,INFY,1448.49,1500.91,1446.04,1486.76,7418024
2025-09-19,Infosys,INFY,1492.34,1529.18,1490.02,1511.25,3928933
2025-09-22,Infosys,INFY,1501.61,1512.7,1436.26,1459.68,1744476
2025-09-23,Infosys,INFY,1459.12,1485.96,1451.02,1476.38,2225189
2025-09-24,Infosys,INFY,1480.5,1484.59,1445.03,1460.78,6145763
2025-09-25,Infosys,INFY,1461.68,1483.27,1451.6,1468.15,5997227
2025-09-26,Infosys,INFY,1462.91,1508.81,1453.0,1497.9,2254576
2025-09-29,Infosys,INFY,1503.05,1508.23,1476.94,1481.0,2471150
2025-09-30,Infosys,INFY,1518.76,1576.89,1517.07,1555.61,4122886
2025-10-01,Infosys,INFY,1531.46,1535.03,1496.17,1512.74,3340719
2025-10-02,Infosys,INFY,1532.14,1572.83,1532.01,1549.26,7036735
2025-10-03,Infosys,INFY,1570.57,1586.32,1532.19,1543.53,3604291
2025-10-06,Infosys,INFY,1528.26,1549.96,1499.88,1508.94,5677142
2025-10-07,Infosys,INFY,1494.62,1510.06,1473.2,1474.09,3312301
2025-10-08,Infosys,INFY,1474.69,1485.9,1463.51,1478.09,5453592
2025-10-09,Infosys,INFY,1491.12,1498.37,1449.31,1465.11,5971992
2025-10-10,Infosys,INFY,1440.97,1453.29,1432.05,1450.52,9379107
2025-10-13,Infosys,INFY,1434.02,1447.01,1412.67,1412.91,3003414
2025-10-14,Infosys,INFY,1423.03,1430.22,1394.57,1407.21,4826807
2025-10-15,Infosys,INFY,1411.71,1422.27,1395.79,1403.52,4906211
2025-10-16,Infosys,INFY,1395.15,1398.0,1382.83,1390.98,2771916
2025-10-17,Infosys,INFY,1372.39,1388.64,1359.86,1379.19,3288669
2025-10-20,Infosys,INFY,1385.94,1410.99,1382.2,1400.1,4270380
2025-10-21,Infosys,INFY,1406.22,1410.12,1396.88,1406.82,10806290
2025-10-22,Infosys,INFY,1400.74,1411.24,1372.78,1382.81,6829286
2025-10-23,Infosys,INFY,1361.93,1391.81,1354.54,1380.27,4650146
2025-10-24,Infosys,INFY,1397.32,1421.71,1384.35,1419.68,3878232
2025-10-27,Infosys,INFY,1420.92,1430.91,1405.62,1423.22,3845164
2025-10-28,Infosys,INFY,1404.1,1413.53,1379.35,1394.58,5237697
2025-10-29,Infosys,INFY,1380.34,1452.69,1365.02,1442.5,3729290
2025-10-30,Infosys,INFY,1451.74,1490.14,1436.89,1474.11,5911963
2025-10-31,Infosys,INFY,1468.54,1479.3,1439.71,1453.86,3612012
2025-11-03,Infosys,INFY,1472.45,1514.92,1468.54,1511.39,3748368
2025-11-04,Infosys,INFY,1516.97,1534.27,1491.53,1503.1,4064296
2025-11-05,Infosys,INFY,1477.2,1487.72,1439.0,1442.65,6297648
2025-11-06,Infosys,INFY,1439.92,1547.62,1432.32,1524.4,3806224
2025-11-07,Infosys,INFY,1542.62,1591.25,1540.85,1590.37,3017937
2025-11-10,Infosys,INFY,1601.49,1632.91,1599.57,1616.3,1408076
2025-11-11,Infosys,INFY,1632.94,1636.33,1598.5,1609.09,5705430
2025-11-12,Infosys,INFY,1606.73,1615.34,1586.77,1593.97,2176826
2025-11-13,Infosys,INFY,1580.3,1607.23,1569.75,1595.6,2551477
2025-11-14,Infosys,INFY,1592.13,1602.82,1512.29,1530.21,2056755
2025-11-17,Infosys,INFY,1519.45,1545.75,1513.06,1528.91,2924070
2025-11-18,Infosys,INFY,1492.79,1517.21,1482.17,1496.01,3952956
2025-11-19,Infosys,INFY,1501.8,1506.07,1487.84,1501.95,4419745
2025-11-20,Infosys,INFY,1502.26,1519.11,1463.56,1476.34,3113274
2025-11-21,Infosys,INFY,1494.09,1498.38,1476.77,1481.16,1799499
2025-11-24,Infosys,INFY,1489.54,1491.15,1437.57,1440.89,3841097
2025-11-25,Infosys,INFY,1438.29,1440.92,1428.39,1430.26,4920725
2025-11-26,Infosys,INFY,1420.81,1432.84,1411.26,1429.33,7177596
2025-11-27,Infosys,INFY,1439.38,1449.5,1421.93,1429.13,4006970
2025-11-28,Infosys,INFY,1423.55,1433.29,1416.88,1419.76,2527786
2025-12-01,Infosys,INFY,1396.11,1397.68,1347.31,1356.31,2671753
2025-12-02,Infosys,INFY,1364.67,1368.49,1352.91,1365.93,5750856
2025-12-03,Infosys,INFY,1349.64,1363.75,1341.02,1360.25,2260226
2025-12-04,Infosys,INFY,1330.98,1338.31,1316.38,1322.21,2343570
2025-12-05,Infosys,INFY,1315.87,1330.34,1307.01,1322.64,2953342
2025-12-08,Infosys,INFY,1341.24,1351.9,1299.16,1313.24,4957482
2025-12-09,Infosys,INFY,1310.05,1323.34,1297.59,1297.99,2580371
2025-12-10,Infosys,INFY,1291.8,1330.89,1289.05,1320.96,3472417
2025-12-11,Infosys,INFY,1311.22,1324.23,1294.2,1294.86,8235390
2025-12-12,Infosys,INFY,1307.73,1339.34,1300.67,1333.8,2095036
2025-12-15,Infosys,INFY,1325.41,1352.54,1323.32,1337.58,3387227
2025-12-16,Infosys,INFY,1335.15,1346.32,1297.97,1302.01,3656709
2025-12-17,Infosys,INFY,1294.95,1302.68,1270.38,1276.94,3377559
2025-12-18,Infosys,INFY,1265.77,1289.5,1257.47,1273.43,6251007
2025-12-19,Infosys,INFY,1252.19,1258.14,1252.07,1256.12,2862720
2025-12-22,Infosys,INFY,1274.09,1305.3,1273.92,1296.26,3655245
2025-12-23,Infosys,INFY,1300.95,1307.25,1297.78,1305.45,3879298
2025-12-24,Infosys,INFY,1313.85,1320.88,1254.01,1262.31,5852183
2025-12-25,Infosys,INFY,1272.8,1290.14,1270.73,1286.53,3345498
2025-12-26,Infosys,INFY,1302.0,1346.85,1291.95,1335.04,4736636
2025-12-29,Infosys,INFY,1326.14,1342.95,1320.48,1323.43,8257648
2025-12-30,Infosys,INFY,1318.31,1350.67,1307.32,1350.16,2866073
2025-12-31,Infosys,INFY,1327.23,1346.23,1323.75,1332.85,2033853
2025-01-01,HDFC Bank,HDFCBANK,1648.18,1661.69,1629.95,1646.08,3887446
2025-01-02,HDFC Bank,HDFCBANK,1682.73,1697.83,1681.98,1690.03,3547675
2025-01-03,HDFC Bank,HDFCBANK,1683.21,1726.25,1681.05,1712.81,4314596
2025-01-06,HDFC Bank,HDFCBANK,1726.61,1791.57,1711.0,1774.62,4102219
2025-01-07,HDFC Bank,HDFCBANK,1782.89,1824.74,1774.68,1823.52,2820272
2025-01-08,HDFC Bank,HDFCBANK,1831.82,1879.7,1825.29,1872.93,3316765
2025-01-09,HDFC Bank,HDFCBANK,1893.46,1927.1,1884.22,1912.35,2245494
2025-01-10,HDFC Bank,HDFCBANK,1924.18,1952.53,1880.16,1895.86,3074670
2025-01-13,HDFC Bank,HDFCBANK,1881.95,1891.44,1859.7,1879.37,4342180
2025-01-14,HDFC Bank,HDFCBANK,1862.87,1938.76,1845.96,1926.82,3036748
2025-01-15,HDFC Bank,HDFCBANK,1935.21,1949.66,1908.0,1946.63,7136906
2025-01-16,HDFC Bank,HDFCBANK,1937.35,1951.67,1887.44,1899.49,4685817
2025-01-17,HDFC Bank,HDFCBANK,1903.86,1944.44,1888.11,1921.78,2489655
2025-01-20,HDFC Bank,HDFCBANK,1953.2,2048.9,1950.26,2011.47,4453927
2025-01-21,HDFC Bank,HDFCBANK,1961.21,1988.87,1934.36,1981.33,2817676
2025-01-22,HDFC Bank,HDFCBANK,1941.17,1944.86,1907.95,1925.28,1576491
2025-01-23,HDFC Bank,HDFCBANK,1925.94,1935.03,1831.17,1854.49,4696328
2025-01-24,HDFC Bank,HDFCBANK,1835.27,1846.41,1820.31,1834.79,2158477
2025-01-27,HDFC Bank,HDFCBANK,1847.84,1854.27,1751.32,1758.44,5309440
2025-01-28,HDFC Bank,HDFCBANK,1758.92,1762.54,1703.29,1714.94,3853219
2025-01-29,HDFC Bank,HDFCBANK,1703.03,1717.99,1682.16,1688.8,3837604
2025-01-30,HDFC Bank,HDFCBANK,1732.77,1735.21,1673.46,1688.89,2942030
2025-01-31,HDFC Bank,HDFCBANK,1682.44,1690.78,1638.72,1659.29,5728462
2025-02-03,HDFC Bank,HDFCBANK,1676.45,1678.79,1625.47,1634.22,2773938
2025-02-04,HDFC Bank,HDFCBANK,1652.98,1677.39,1643.21,1668.86,2928501
2025-02-05,HDFC Bank,HDFCBANK,1672.96,1697.31,1660.92,1696.53,6074411
2025-02-06,HDFC Bank,HDFCBANK,1688.07,1739.38,1678.65,1709.87,4765858
2025-02-07,HDFC Bank,HDFCBANK,1694.73,1714.1,1683.24,1700.77,2523448
2025-02-10,HDFC Bank,HDFCBANK,1704.98,1764.01,1688.19,1750.36,3588858
2025-02-11,HDFC Bank,HDFCBANK,1766.11,1779.42,1753.27,1775.52,2555443
2025-02-12,HDFC Bank,HDFCBANK,1762.04,1781.29,1759.85,1768.57,6415924
2025-02-13,HDFC Bank,HDFCBANK,1780.71,1780.98,1749.12,1758.66,3266812
2025-02-14,HDFC Bank,HDFCBANK,1761.04,1764.62,1742.28,1750.06,3479751
2025-02-17,HDFC Bank,HDFCBANK,1763.37,1785.79,1738.87,1741.74,7203123
2025-02-18,HDFC Bank,HDFCBANK,1737.05,1775.6,1718.71,1764.45,3354076
2025-02-19,HDFC Bank,HDFCBANK,1741.18,1796.13,1729.19,1786.23,6959640
2025-02-20,HDFC Bank,HDFCBANK,1764.11,1790.04,1754.46,1783.55,4124789
2025-02-21,HDFC Bank,HDFCBANK,1751.44,1771.41,1710.92,1727.41,3881810
2025-02-24,HDFC Bank,HDFCBANK,1732.45,1752.24,1714.83,1723.79,4431855
2025-02-25,HDFC Bank,HDFCBANK,1747.5,1768.88,1723.36,1723.57,8313065
2025-02-26,HDFC Bank,HDFCBANK,1715.86,1718.54,1701.74,1708.88,2500714
2025-02-27,HDFC Bank,HDFCBANK,1696.42,1713.1,1681.18,1692.74,4585705
2025-02-28,HDFC Bank,HDFCBANK,1670.48,1692.53,1639.47,1644.5,8413042
2025-03-03,HDFC Bank,HDFCBANK,1639.71,1657.13,1621.53,1640.27,3798566
2025-03-04,HDFC Bank,HDFCBANK,1632.62,1644.63,1615.86,1631.47,4000394
2025-03-05,HDFC Bank,HDFCBANK,1643.59,1705.29,1631.68,1692.55,2015726
2025-03-06,HDFC Bank,HDFCBANK,1639.12,1660.35,1632.66,1651.07,4455227
2025-03-07,HDFC Bank,HDFCBANK,1649.87,1694.54,1644.9,1683.86,6234287
2025-03-10,HDFC Bank,HDFCBANK,1679.47,1702.83,1673.76,1695.89,4146916
2025-03-11,HDFC Bank,HDFCBANK,1696.15,1719.74,1693.87,1711.31,3286230
2025-03-12,HDFC Bank,HDFCBANK,1727.61,1736.28,1701.79,1718.88,2898233
2025-03-13,HDFC Bank,HDFCBANK,1687.06,1693.92,1679.1,1682.69,3689788
2025-03-14,HDFC Bank,HDFCBANK,1692.61,1705.08,1670.18,1692.84,3421893
2025-03-17,HDFC Bank,HDFCBANK,1698.49,1702.93,1677.27,1683.44,3218927
2025-03-18,HDFC Bank,HDFCBANK,1690.7,1768.22,1683.37,1762.69,3880965
2025-03-19,HDFC Bank,HDFCBANK,1771.06,1799.82,1764.5,1780.0,1363931
2025-03-20,HDFC Bank,HDFCBANK,1769.41,1805.36,1758.74,1804.89,5163012
2025-03-21,HDFC Bank,HDFCBANK,1810.16,1813.89,1771.42,1775.18,4196413
2025-03-24,HDFC Bank,HDFCBANK,1761.84,1787.67,1757.31,1778.04,2405517
2025-03-25,HDFC Bank,HDFCBANK,1772.57,1788.86,1753.41,1755.93,4075366
2025-03-26,HDFC Bank,HDFCBANK,1767.7,1834.75,1754.8,1827.3,1773138
2025-03-27,HDFC Bank,HDFCBANK,1774.85,1813.15,1755.84,1802.38,2152130
2025-03-28,HDFC Bank,HDFCBANK,1813.62,1889.57,1800.73,1875.17,4008189
2025-03-31,HDFC Bank,HDFCBANK,1839.82,1891.97,1825.07,1885.27,1976097
2025-04-01,HDFC Bank,HDFCBANK,1858.58,1915.95,1836.63,1907.15,3854670
2025-04-02,HDFC Bank,HDFCBANK,1865.0,1902.41,1848.6,1895.51,4038342
2025-04-03,HDFC Bank,HDFCBANK,1860.41,1894.06,1845.57,1866.47,3890767
2025-04-04,HDFC Bank,HDFCBANK,1890.55,1911.27,1887.46,1898.29,4435857
2025-04-07,HDFC Bank,HDFCBANK,1921.87,1944.36,1882.86,1893.53,2677793
2025-04-08,HDFC Bank,HDFCBANK,1916.2,1933.51,1897.66,1906.88,3886728
2025-04-09,HDFC Bank,HDFCBANK,1918.17,1932.62,1915.27,1928.79,6066148
2025-04-10,HDFC Bank,HDFCBANK,1925.73,1926.82,1904.95,1908.16,1607499
2025-04-11,HDFC Bank,HDFCBANK,1905.84,1909.9,1875.08,1885.88,4703355
2025-04-14,HDFC Bank,HDFCBANK,1933.25,1953.82,1862.61,1881.22,2812004
2025-04-15,HDFC Bank,HDFCBANK,1885.81,1898.52,1848.32,1870.84,5243620
2025-04-16,HDFC Bank,HDFCBANK,1882.26,1882.38,1858.59,1868.24,6872054
2025-04-17,HDFC Bank,HDFCBANK,1834.01,1845.94,1796.02,1799.72,2795060
2025-04-18,HDFC Bank,HDFCBANK,1790.58,1794.34,1731.7,1747.1,2217040
2025-04-21,HDFC Bank,HDFCBANK,1713.6,1728.9,1685.85,1694.68,3239529
2025-04-22,HDFC Bank,HDFCBANK,1695.58,1709.11,1630.44,1642.81,3321115
2025-04-23,HDFC Bank,HDFCBANK,1662.64,1680.12,1618.61,1629.4,3431648
2025-04-24,HDFC Bank,HDFCBANK,1629.01,1646.73,1623.6,1626.35,2833055
2025-04-25,HDFC Bank,HDFCBANK,1646.58,1662.39,1608.57,1629.42,3332363
2025-04-28,HDFC Bank,HDFCBANK,1642.74,1657.56,1598.18,1609.12,4939957
2025-04-29,HDFC Bank,HDFCBANK,1596.66,1609.45,1545.9,1549.4,3461429
2025-04-30,HDFC Bank,HDFCBANK,1566.9,1594.47,1551.07,1572.78,2974973
2025-05-01,HDFC Bank,HDFCBANK,1573.29,1573.81,1568.9,1572.42,3102310
2025-05-02,HDFC Bank,HDFCBANK,1534.0,1543.46,1532.94,1535.77,4789304
2025-05-05,HDFC Bank,HDFCBANK,1548.97,1563.08,1536.01,1555.76,5422671
2025-05-06,HDFC Bank,HDFCBANK,1561.5,1572.6,1522.2,1538.79,3052638
2025-05-07,HDFC Bank,HDFCBANK,1577.53,1587.2,1557.9,1563.08,4414794
2025-05-08,HDFC Bank,HDFCBANK,1530.4,1532.9,1505.9,1515.82,6246309
2025-05-09,HDFC Bank,HDFCBANK,1527.57,1549.21,1452.31,1462.81,2815288
2025-05-12,HDFC Bank,HDFCBANK,1465.57,1475.56,1455.62,1470.66,3037779
2025-05-13,HDFC Bank,HDFCBANK,1463.52,1463.92,1436.37,1445.88,5195922
2025-05-14,HDFC Bank,HDFCBANK,1454.82,1487.5,1449.19,1476.73,5826043
2025-05-15,HDFC Bank,HDFCBANK,1452.67,1455.78,1414.8,1429.55,6102779
2025-05-16,HDFC Bank,HDFCBANK,1437.91,1469.73,1427.28,1466.09,3774096
2025-05-19,HDFC Bank,HDFCBANK,1480.99,1487.59,1466.29,1478.36,5922540
2025-05-20,HDFC Bank,HDFCBANK,1466.5,1469.09,1459.48,1465.33,4369708
2025-05-21,HDFC Bank,HDFCBANK,1476.04,1486.11,1469.25,1483.45,1471427
2025-05-22,HDFC Bank,HDFCBANK,1507.83,1524.45,1464.34,1478.8,2662388
2025-05-23,HDFC Bank,HDFCBANK,1458.7,1472.19,1449.35,1468.34,3213038
2025-05-26,HDFC Bank,HDFCBANK,1436.95,1446.88,1374.52,1379.69,3113037
2025-05-27,HDFC Bank,HDFCBANK,1391.22,1427.99,1384.76,1421.02,5000579
2025-05-28,HDFC Bank,HDFCBANK,1397.88,1415.44,1385.69,1403.91,1670212
2025-05-29,HDFC Bank,HDFCBANK,1391.09,1399.99,1358.66,1369.51,7830365
2025-05-30,HDFC Bank,HDFCBANK,1361.38,1375.81,1339.9,1349.59,7063443
2025-06-02,HDFC Bank,HDFCBANK,1354.27,1355.17,1326.2,1326.47,5378517
2025-06-03,HDFC Bank,HDFCBANK,1345.39,1403.61,1331.06,1390.58,3075544
2025-06-04,HDFC Bank,HDFCBANK,1371.28,1403.36,1362.46,1392.68,4753145
2025-06-05,HDFC Bank,HDFCBANK,1398.08,1446.8,1386.64,1430.8,5842160
2025-06-06,HDFC Bank,HDFCBANK,1439.63,1452.62,1427.51,1428.11,6415652
2025-06-09,HDFC Bank,HDFCBANK,1407.64,1419.01,1396.08,1415.3,3932294
2025-06-10,HDFC Bank,HDFCBANK,1388.22,1404.31,1375.0,1399.15,3995169
2025-06-11,HDFC Bank,HDFCBANK,1405.79,1410.91,1376.22,1381.98,5870885
2025-06-12,HDFC Bank,HDFCBANK,1409.8,1424.33,1386.06,1389.79,2332881
2025-06-13,HDFC Bank,HDFCBANK,1373.8,1374.26,1330.5,1340.76,3626104
2025-06-16,HDFC Bank,HDFCBANK,1346.87,1373.64,1335.24,1364.01,3869788
2025-06-17,HDFC Bank,HDFCBANK,1344.58,1375.58,1341.55,1370.59,3685574
2025-06-18,HDFC Bank,HDFCBANK,1355.57,1365.57,1335.85,1345.8,2665697
2025-06-19,HDFC Bank,HDFCBANK,1337.92,1375.09,1318.79,1364.19,6790653
2025-06-20,HDFC Bank,HDFCBANK,1382.93,1395.45,1340.99,1348.79,3115992
2025-06-23,HDFC Bank,HDFCBANK,1351.51,1385.92,1348.15,1374.91,5576693
2025-06-24,HDFC Bank,HDFCBANK,1364.39,1376.68,1357.4,1370.12,5636699
2025-06-25,HDFC Bank,HDFCBANK,1353.02,1402.6,1348.14,1400.8,4716583
2025-06-26,HDFC Bank,HDFCBANK,1410.62,1418.76,1397.73,1408.5,3598467
2025-06-27,HDFC Bank,HDFCBANK,1432.04,1467.91,1428.98,1454.11,3852663
2025-06-30,HDFC Bank,HDFCBANK,1448.87,1459.65,1417.6,1423.07,5362451
2025-07-01,HDFC Bank,HDFCBANK,1404.8,1452.19,1395.14,1448.69,5702052
2025-07-02,HDFC Bank,HDFCBANK,1438.77,1462.86,1421.78,1461.28,4018290
2025-07-03,HDFC Bank,HDFCBANK,1450.82,1464.22,1438.15,1443.44,2849884
2025-07-04,HDFC Bank,HDFCBANK,1439.6,1458.72,1404.27,1409.54,5804984
2025-07-07,HDFC Bank,HDFCBANK,1413.08,1421.52,1375.78,1388.46,3668459
2025-07-08,HDFC Bank,HDFCBANK,1408.34,1448.54,1402.48,1434.66,2456064
2025-07-09,HDFC Bank,HDFCBANK,1424.1,1441.25,1420.27,1429.55,3978235
2025-07-10,HDFC Bank,HDFCBANK,1432.27,1448.26,1414.58,1425.54,7199962
2025-07-11,HDFC Bank,HDFCBANK,1421.85,1464.4,1405.85,1446.26,2442508
2025-07-14,HDFC Bank,HDFCBANK,1441.86,1453.34,1420.8,1433.34,2737342
2025-07-15,HDFC Bank,HDFCBANK,1434.5,1451.38,1377.31,1382.78,4094432
2025-07-16,HDFC Bank,HDFCBANK,1377.64,1414.0,1369.46,1406.47,3807112
2025-07-17,HDFC Bank,HDFCBANK,1398.81,1446.23,1386.1,1442.7,4687049
2025-07-18,HDFC Bank,HDFCBANK,1464.54,1469.03,1432.36,1447.39,4835014
2025-07-21,HDFC Bank,HDFCBANK,1420.56,1431.27,1394.03,1407.19,2941252
2025-07-22,HDFC Bank,HDFCBANK,1357.98,1372.71,1355.17,1371.18,1116214
2025-07-23,HDFC Bank,HDFCBANK,1384.57,1395.27,1368.57,1388.19,5319001
2025-07-24,HDFC Bank,HDFCBANK,1415.12,1423.41,1379.42,1380.07,3601200
2025-07-25,HDFC Bank,HDFCBANK,1375.95,1400.49,1364.26,1391.88,5479629
2025-07-28,HDFC Bank,HDFCBANK,1427.87,1431.07,1410.28,1420.2,2782816
2025-07-29,HDFC Bank,HDFCBANK,1445.45,1450.86,1432.6,1438.52,5516685
2025-07-30,HDFC Bank,HDFCBANK,1435.8,1453.97,1415.99,1419.64,4057204
2025-07-31,HDFC Bank,HDFCBANK,1430.76,1442.09,1386.7,1389.17,5781954
2025-08-01,HDFC Bank,HDFCBANK,1373.12,1405.15,1360.15,1390.66,4470865
2025-08-04,HDFC Bank,HDFCBANK,1386.8,1403.28,1368.43,1372.83,2503800
2025-08-05,HDFC Bank,HDFCBANK,1383.79,1386.83,1364.06,1364.37,3212919
2025-08-06,HDFC Bank,HDFCBANK,1363.02,1382.82,1351.97,1369.39,3664152
2025-08-07,HDFC Bank,HDFCBANK,1366.13,1394.38,1357.25,1379.09,3232903
2025-08-08,HDFC Bank,HDFCBANK,1362.66,1374.47,1316.58,1327.62,5177400
2025-08-11,HDFC Bank,HDFCBANK,1325.57,1365.06,1312.55,1359.54,3923778
2025-08-12,HDFC Bank,HDFCBANK,1349.61,1374.83,1339.59,1364.41,4141527
2025-08-13,HDFC Bank,HDFCBANK,1363.79,1438.11,1351.66,1422.83,4198801
2025-08-14,HDFC Bank,HDFCBANK,1440.03,1462.76,1433.13,1453.89,3850013
2025-08-15,HDFC Bank,HDFCBANK,1398.57,1409.98,1381.27,1404.29,4027695
2025-08-18,HDFC Bank,HDFCBANK,1384.26,1386.77,1372.51,1383.43,4551312
2025-08-19,HDFC Bank,HDFCBANK,1399.33,1407.92,1379.09,1379.83,5474834
2025-08-20,HDFC Bank,HDFCBANK,1388.42,1409.65,1377.79,1401.23,8218946
2025-08-21,HDFC Bank,HDFCBANK,1396.44,1402.66,1392.91,1400.34,4172458
2025-08-22,HDFC Bank,HDFCBANK,1418.89,1426.06,1406.59,1412.77,3138826
2025-08-25,HDFC Bank,HDFCBANK,1417.77,1433.54,1375.38,1379.99,5525346
2025-08-26,HDFC Bank,HDFCBANK,1358.96,1387.68,1348.71,1375.72,2552304
2025-08-27,HDFC Bank,HDFCBANK,1379.84,1386.73,1337.21,1350.87,5714491
2025-08-28,HDFC Bank,HDFCBANK,1351.12,1362.72,1319.75,1327.82,1405435
2025-08-29,HDFC Bank,HDFCBANK,1340.29,1354.78,1337.94,1340.11,955971
2025-09-01,HDFC Bank,HDFCBANK,1344.59,1353.08,1341.79,1352.05,13795430
2025-09-02,HDFC Bank,HDFCBANK,1347.09,1369.86,1343.91,1365.22,3698299
2025-09-03,HDFC Bank,HDFCBANK,1360.87,1368.41,1341.95,1351.48,3731972
2025-09-04,HDFC Bank,HDFCBANK,1330.99,1345.45,1328.06,1343.03,5568471
2025-09-05,HDFC Bank,HDFCBANK,1351.2,1351.77,1345.94,1350.21,3547536
2025-09-08,HDFC Bank,HDFCBANK,1324.36,1335.76,1291.83,1307.14,3306015
2025-09-09,HDFC Bank,HDFCBANK,1319.0,1330.4,1270.41,1273.95,4585022
2025-09-10,HDFC Bank,HDFCBANK,1270.17,1303.99,1259.36,1300.74,3520880
2025-09-11,HDFC Bank,HDFCBANK,1298.26,1301.66,1286.66,1294.36,3881795
2025-09-12,HDFC Bank,HDFCBANK,1298.11,1312.42,1285.52,1300.47,2488571
2025-09-15,HDFC Bank,HDFCBANK,1314.03,1325.0,1275.45,1286.36,1689439
2025-09-16,HDFC Bank,HDFCBANK,1287.8,1291.61,1262.76,1277.32,2975267
2025-09-17,HDFC Bank,HDFCBANK,1264.96,1278.14,1258.09,1267.07,6748742
2025-09-18,HDFC Bank,HDFCBANK,1275.14,1280.09,1220.93,1225.53,4954032
2025-09-19,HDFC Bank,HDFCBANK,1186.92,1251.83,1179.1,1241.74,6795053
2025-09-22,HDFC Bank,HDFCBANK,1276.66,1309.76,1268.33,1297.05,3746428
2025-09-23,HDFC Bank,HDFCBANK,1289.65,1293.84,1270.1,1270.86,3858765
2025-09-24,HDFC Bank,HDFCBANK,1245.17,1257.14,1236.96,1249.82,3156709
2025-09-25,HDFC Bank,HDFCBANK,1295.97,1329.44,1286.98,1328.08,3037050
2025-09-26,HDFC Bank,HDFCBANK,1311.92,1322.05,1276.47,1280.66,6171927
2025-09-29,HDFC Bank,HDFCBANK,1295.94,1331.82,1285.7,1328.37,5307356
2025-09-30,HDFC Bank,HDFCBANK,1320.82,1337.24,1293.86,1302.86,5315754
2025-10-01,HDFC Bank,HDFCBANK,1290.01,1294.81,1255.14,1262.09,2473391
2025-10-02,HDFC Bank,HDFCBANK,1261.94,1263.85,1213.33,1223.96,5239338
2025-10-03,HDFC Bank,HDFCBANK,1218.2,1220.51,1190.86,1196.25,5336247
2025-10-06,HDFC Bank,HDFCBANK,1209.58,1211.25,1190.65,1199.13,2756326
2025-10-07,HDFC Bank,HDFCBANK,1191.67,1231.82,1183.77,1220.46,2252691
2025-10-08,HDFC Bank,HDFCBANK,1223.55,1252.93,1209.6,1247.32,7143656
2025-10-09,HDFC Bank,HDFCBANK,1272.23,1290.28,1257.4,1279.6,4883277
2025-10-10,HDFC Bank,HDFCBANK,1271.9,1280.75,1260.96,1262.02,3743507
2025-10-13,HDFC Bank,HDFCBANK,1278.62,1294.14,1215.69,1228.57,3246558
2025-10-14,HDFC Bank,HDFCBANK,1236.58,1250.53,1224.3,1237.03,2126457
2025-10-15,HDFC Bank,HDFCBANK,1245.74,1253.63,1237.67,1241.51,8768371
2025-10-16,HDFC Bank,HDFCBANK,1257.0,1257.83,1235.11,1240.64,4855031
2025-10-17,HDFC Bank,HDFCBANK,1244.22,1284.31,1231.92,1272.65,4625453
2025-10-20,HDFC Bank,HDFCBANK,1251.44,1264.25,1240.18,1247.4,5007216
2025-10-21,HDFC Bank,HDFCBANK,1242.63,1249.48,1211.14,1219.97,2972579
2025-10-22,HDFC Bank,HDFCBANK,1216.52,1229.27,1190.54,1196.31,7677004
2025-10-23,HDFC Bank,HDFCBANK,1218.26,1220.66,1214.0,1216.85,2058695
2025-10-24,HDFC Bank,HDFCBANK,1196.79,1234.77,1187.74,1226.84,1470055
2025-10-27,HDFC Bank,HDFCBANK,1209.2,1237.66,1202.66,1228.88,5148309
2025-10-28,HDFC Bank,HDFCBANK,1253.0,1260.86,1239.94,1248.39,11715804
2025-10-29,HDFC Bank,HDFCBANK,1216.94,1239.1,1206.88,1232.27,2970326
2025-10-30,HDFC Bank,HDFCBANK,1231.55,1270.71,1220.18,1247.69,2726067
2025-10-31,HDFC Bank,HDFCBANK,1241.34,1242.81,1225.82,1231.58,5552579
2025-11-03,HDFC Bank,HDFCBANK,1212.75,1245.83,1209.04,1236.0,3746421
2025-11-04,HDFC Bank,HDFCBANK,1259.71,1284.42,1253.35,1276.72,4132834
2025-11-05,HDFC Bank,HDFCBANK,1268.88,1286.86,1213.1,1221.19,4776249
2025-11-06,HDFC Bank,HDFCBANK,1220.34,1226.75,1204.08,1204.56,11124816
2025-11-07,HDFC Bank,HDFCBANK,1186.71,1191.74,1152.03,1165.02,4018941
2025-11-10,HDFC Bank,HDFCBANK,1147.74,1184.48,1138.38,1174.0,5510028
2025-11-11,HDFC Bank,HDFCBANK,1207.73,1259.68,1192.64,1255.6,4744163
2025-11-12,HDFC Bank,HDFCBANK,1263.12,1269.84,1221.65,1225.02,5795697
2025-11-13,HDFC Bank,HDFCBANK,1240.77,1248.1,1182.28,1194.81,3671072
2025-11-14,HDFC Bank,HDFCBANK,1205.26,1222.18,1199.34,1213.24,2309493
2025-11-17,HDFC Bank,HDFCBANK,1196.91,1219.92,1190.39,1212.55,3299394
2025-11-18,HDFC Bank,HDFCBANK,1208.11,1236.98,1207.35,1231.24,5579687
2025-11-19,HDFC Bank,HDFCBANK,1228.21,1244.56,1220.95,1229.28,4547702
2025-11-20,HDFC Bank,HDFCBANK,1211.89,1222.11,1207.19,1207.46,4370466
2025-11-21,HDFC Bank,HDFCBANK,1208.92,1222.46,1200.05,1210.18,7764963
2025-11-24,HDFC Bank,HDFCBANK,1195.75,1206.63,1193.69,1199.04,6139984
2025-11-25,HDFC Bank,HDFCBANK,1232.48,1242.37,1224.66,1232.48,2896132
2025-11-26,HDFC Bank,HDFCBANK,1205.55,1206.07,1175.33,1190.59,3791228
2025-11-27,HDFC Bank,HDFCBANK,1185.65,1206.81,1182.17,1204.98,4116988
2025-11-28,HDFC Bank,HDFCBANK,1219.86,1239.85,1212.16,1231.24,4780741
2025-12-01,HDFC Bank,HDFCBANK,1234.22,1241.85,1209.64,1211.71,4141162
2025-12-02,HDFC Bank,HDFCBANK,1204.72,1267.51,1204.26,1260.15,3758832
2025-12-03,HDFC Bank,HDFCBANK,1268.0,1311.33,1267.58,1306.57,5766504
2025-12-04,HDFC Bank,HDFCBANK,1284.93,1291.31,1267.93,1275.23,5444540
2025-12-05,HDFC Bank,HDFCBANK,1264.76,1272.28,1250.61,1258.91,4172484
2025-12-08,HDFC Bank,HDFCBANK,1265.5,1294.83,1255.61,1285.1,1959107
2025-12-09,HDFC Bank,HDFCBANK,1285.88,1308.93,1281.72,1297.36,2968099
2025-12-10,HDFC Bank,HDFCBANK,1288.42,1314.44,1282.79,1301.25,6007883
2025-12-11,HDFC Bank,HDFCBANK,1303.18,1309.89,1288.96,1300.65,4622794
2025-12-12,HDFC Bank,HDFCBANK,1336.17,1346.96,1310.97,1316.08,2700158
2025-12-15,HDFC Bank,HDFCBANK,1315.91,1342.87,1308.98,1319.55,2401056
2025-12-16,HDFC Bank,HDFCBANK,1323.88,1331.33,1267.1,1274.84,5709089
2025-12-17,HDFC Bank,HDFCBANK,1289.73,1296.69,1274.67,1278.43,2403344
2025-12-18,HDFC Bank,HDFCBANK,1283.18,1288.75,1251.62,1254.15,5113309
2025-12-19,HDFC Bank,HDFCBANK,1281.26,1283.07,1244.74,1251.63,4021091
2025-12-22,HDFC Bank,HDFCBANK,1254.91,1261.43,1235.9,1245.21,6376908
2025-12-23,HDFC Bank,HDFCBANK,1215.99,1224.33,1205.47,1208.28,8701677
2025-12-24,HDFC Bank,HDFCBANK,1199.07,1208.93,1194.18,1198.54,1739384
2025-12-25,HDFC Bank,HDFCBANK,1192.37,1220.48,1189.25,1214.82,6055954
2025-12-26,HDFC Bank,HDFCBANK,1210.0,1217.99,1188.36,1199.25,11661123
2025-12-29,HDFC Bank,HDFCBANK,1211.16,1241.73,1208.86,1236.81,4106366
2025-12-30,HDFC Bank,HDFCBANK,1238.4,1244.96,1205.5,1214.73,4695790
2025-12-31,HDFC Bank,HDFCBANK,1222.08,1233.73,1217.26,1228.85,2327887
2025-01-01,Tata Motors,TATAMOTORS,817.13,821.75,815.27,817.58,14962326
2025-01-02,Tata Motors,TATAMOTORS,807.05,813.23,794.33,801.06,6144509
2025-01-03,Tata Motors,TATAMOTORS,818.43,827.6,814.37,826.14,4586026
2025-01-06,Tata Motors,TATAMOTORS,846.64,855.79,820.04,825.59,5821239
2025-01-07,Tata Motors,TATAMOTORS,824.58,832.01,805.33,812.33,6183689
2025-01-08,Tata Motors,TATAMOTORS,812.2,812.39,796.21,803.67,4831899
2025-01-09,Tata Motors,TATAMOTORS,794.36,797.64,786.84,786.89,2763594
2025-01-10,Tata Motors,TATAMOTORS,776.19,778.55,770.27,770.66,9921013
2025-01-13,Tata Motors,TATAMOTORS,782.24,787.79,765.59,771.51,6824220
2025-01-14,Tata Motors,TATAMOTORS,763.93,782.14,763.43,779.17,5530901
2025-01-15,Tata Motors,TATAMOTORS,791.24,829.33,784.28,828.34,3320378
2025-01-16,Tata Motors,TATAMOTORS,836.13,836.92,811.89,814.24,4137216
2025-01-17,Tata Motors,TATAMOTORS,807.98,826.07,801.2,817.81,8272558
2025-01-20,Tata Motors,TATAMOTORS,821.89,831.3,801.25,804.13,6014527
2025-01-21,Tata Motors,TATAMOTORS,819.32,826.31,817.41,826.3,7240747
2025-01-22,Tata Motors,TATAMOTORS,824.62,833.51,817.38,826.05,4526501
2025-01-23,Tata Motors,TATAMOTORS,823.98,831.75,812.86,819.59,3556242
2025-01-24,Tata Motors,TATAMOTORS,830.24,832.39,826.1,828.56,2570385
2025-01-27,Tata Motors,TATAMOTORS,825.85,846.78,820.27,844.43,2971239
2025-01-28,Tata Motors,TATAMOTORS,841.8,846.11,814.89,819.17,5091736
2025-01-29,Tata Motors,TATAMOTORS,821.36,829.85,798.39,803.89,4365647
2025-01-30,Tata Motors,TATAMOTORS,803.8,809.33,790.26,796.55,1819180
2025-01-31,Tata Motors,TATAMOTORS,791.4,796.96,779.52,788.01,2821323
2025-02-03,Tata Motors,TATAMOTORS,783.3,785.49,772.73,776.31,5648276
2025-02-04,Tata Motors,TATAMOTORS,766.49,773.25,763.61,772.62,3442573
2025-02-05,Tata Motors,TATAMOTORS,788.15,790.36,782.93,784.49,4054400
2025-02-06,Tata Motors,TATAMOTORS,790.27,801.16,781.85,795.85,3132005
2025-02-07,Tata Motors,TATAMOTORS,804.39,806.31,780.05,781.0,3528274
2025-02-10,Tata Motors,TATAMOTORS,780.57,787.3,778.78,782.41,3665193
2025-02-11,Tata Motors,TATAMOTORS,768.35,791.2,765.24,787.43,8162190
2025-02-12,Tata Motors,TATAMOTORS,775.7,776.95,755.86,760.21,4848763
2025-02-13,Tata Motors,TATAMOTORS,766.96,805.1,760.49,802.7,3107382
2025-02-14,Tata Motors,TATAMOTORS,797.05,798.93,778.35,788.4,5832952
2025-02-17,Tata Motors,TATAMOTORS,788.62,808.07,788.08,808.03,1498409
2025-02-18,Tata Motors,TATAMOTORS,801.25,808.97,795.96,803.82,2115971
2025-02-19,Tata Motors,TATAMOTORS,811.57,822.59,810.29,815.31,4593582
2025-02-20,Tata Motors,TATAMOTORS,803.69,810.23,793.1,798.18,2721808
2025-02-21,Tata Motors,TATAMOTORS,798.24,806.71,772.46,776.48,6605065
2025-02-24,Tata Motors,TATAMOTORS,771.57,773.84,757.26,764.53,2901550
2025-02-25,Tata Motors,TATAMOTORS,770.45,771.91,762.53,765.37,2348767
2025-02-26,Tata Motors,TATAMOTORS,765.68,773.11,745.28,749.51,3686108
2025-02-27,Tata Motors,TATAMOTORS,755.41,773.29,753.2,768.74,1797151
2025-02-28,Tata Motors,TATAMOTORS,762.41,767.31,750.69,754.17,5441524
2025-03-03,Tata Motors,TATAMOTORS,748.62,756.66,742.57,748.08,3886358
2025-03-04,Tata Motors,TATAMOTORS,742.67,744.6,731.61,734.43,5609934
2025-03-05,Tata Motors,TATAMOTORS,732.48,742.05,709.7,714.9,2119891
2025-03-06,Tata Motors,TATAMOTORS,711.11,721.88,709.99,712.74,6194784
2025-03-07,Tata Motors,TATAMOTORS,724.71,728.26,715.4,716.73,3643453
2025-03-10,Tata Motors,TATAMOTORS,716.41,732.65,714.26,725.13,1647391
2025-03-11,Tata Motors,TATAMOTORS,724.95,734.1,721.55,729.0,4223346
2025-03-12,Tata Motors,TATAMOTORS,742.25,750.95,739.29,747.58,3698975
2025-03-13,Tata Motors,TATAMOTORS,762.26,766.77,756.88,759.97,6547163
2025-03-14,Tata Motors,TATAMOTORS,777.85,789.36,773.07,784.39,1365541
2025-03-17,Tata Motors,TATAMOTORS,791.4,799.67,788.91,793.55,3358464
2025-03-18,Tata Motors,TATAMOTORS,789.64,808.0,778.32,804.4,4847085
2025-03-19,Tata Motors,TATAMOTORS,792.08,794.77,788.29,790.49,8200961
2025-03-20,Tata Motors,TATAMOTORS,797.16,810.41,796.78,805.05,3211897
2025-03-21,Tata Motors,TATAMOTORS,813.18,816.54,793.97,798.04,3746037
2025-03-24,Tata Motors,TATAMOTORS,799.33,816.98,793.71,810.06,6837885
2025-03-25,Tata Motors,TATAMOTORS,795.29,809.58,794.46,802.75,2030328
2025-03-26,Tata Motors,TATAMOTORS,795.57,802.74,783.55,786.33,2715925
2025-03-27,Tata Motors,TATAMOTORS,780.56,801.33,776.44,796.51,3799946
2025-03-28,Tata Motors,TATAMOTORS,808.86,817.97,792.74,798.2,3714710
2025-03-31,Tata Motors,TATAMOTORS,822.15,825.92,805.91,806.78,6129402
2025-04-01,Tata Motors,TATAMOTORS,823.13,857.36,818.84,848.12,3387631
2025-04-02,Tata Motors,TATAMOTORS,831.11,868.6,827.76,861.82,7258077
2025-04-03,Tata Motors,TATAMOTORS,851.76,862.8,844.47,858.25,3880179
2025-04-04,Tata Motors,TATAMOTORS,843.3,853.32,838.34,844.7,5659249
2025-04-07,Tata Motors,TATAMOTORS,834.11,837.03,826.47,833.96,4049772
2025-04-08,Tata Motors,TATAMOTORS,840.87,865.1,834.9,857.58,2547962
2025-04-09,Tata Motors,TATAMOTORS,857.55,861.52,845.76,849.58,2569015
2025-04-10,Tata Motors,TATAMOTORS,829.63,835.25,819.4,819.9,4021063
2025-04-11,Tata Motors,TATAMOTORS,838.59,865.03,832.25,854.29,6752203
2025-04-14,Tata Motors,TATAMOTORS,846.87,851.06,828.3,837.3,7985562
2025-04-15,Tata Motors,TATAMOTORS,831.74,834.22,821.95,828.19,6624064
2025-04-16,Tata Motors,TATAMOTORS,810.87,821.09,805.64,817.09,4908835
2025-04-17,Tata Motors,TATAMOTORS,815.24,819.44,805.92,813.97,4820759
2025-04-18,Tata Motors,TATAMOTORS,816.12,819.78,790.04,797.7,4061096
2025-04-21,Tata Motors,TATAMOTORS,804.01,838.24,798.89,829.82,3172577
2025-04-22,Tata Motors,TATAMOTORS,804.39,808.17,796.13,802.19,3725615
2025-04-23,Tata Motors,TATAMOTORS,799.11,800.9,767.63,773.75,8642119
2025-04-24,Tata Motors,TATAMOTORS,772.85,785.27,770.72,777.64,4709377
2025-04-25,Tata Motors,TATAMOTORS,770.73,788.13,765.18,782.96,2807572
2025-04-28,Tata Motors,TATAMOTORS,789.6,821.08,785.94,819.47,4431387
2025-04-29,Tata Motors,TATAMOTORS,827.2,831.61,809.75,819.12,5622167
2025-04-30,Tata Motors,TATAMOTORS,801.99,811.83,784.1,793.45,6091397
2025-05-01,Tata Motors,TATAMOTORS,791.78,797.54,783.45,793.2,2692204
2025-05-02,Tata Motors,TATAMOTORS,785.53,804.71,776.48,800.05,2951486
2025-05-05,Tata Motors,TATAMOTORS,799.52,804.34,786.42,786.49,3206097
2025-05-06,Tata Motors,TATAMOTORS,772.93,789.76,772.22,782.82,7277140
2025-05-07,Tata Motors,TATAMOTORS,806.28,809.96,792.33,807.19,2205498
2025-05-08,Tata Motors,TATAMOTORS,807.38,819.46,801.38,810.24,3190265
2025-05-09,Tata Motors,TATAMOTORS,800.99,802.57,791.37,796.3,3097518
2025-05-12,Tata Motors,TATAMOTORS,782.02,803.13,781.3,799.93,3701628
2025-05-13,Tata Motors,TATAMOTORS,800.58,806.45,774.25,775.66,8623166
2025-05-14,Tata Motors,TATAMOTORS,780.53,782.89,770.82,775.15,5260600
2025-05-15,Tata Motors,TATAMOTORS,774.91,779.74,769.35,772.11,3421389
2025-05-16,Tata Motors,TATAMOTORS,752.79,771.72,750.6,766.21,9383193
2025-05-19,Tata Motors,TATAMOTORS,767.01,774.24,747.22,752.93,4768588
2025-05-20,Tata Motors,TATAMOTORS,749.09,759.13,742.93,755.39,1694291
2025-05-21,Tata Motors,TATAMOTORS,751.45,777.24,748.76,774.97,3263847
2025-05-22,Tata Motors,TATAMOTORS,763.68,767.55,728.75,733.55,3899553
2025-05-23,Tata Motors,TATAMOTORS,732.27,740.46,728.44,733.06,3083768
2025-05-26,Tata Motors,TATAMOTORS,730.59,747.03,728.04,738.43,4174562
2025-05-27,Tata Motors,TATAMOTORS,741.42,745.93,728.3,728.4,1801134
2025-05-28,Tata Motors,TATAMOTORS,731.61,736.59,722.46,726.77,2573094
2025-05-29,Tata Motors,TATAMOTORS,726.38,734.77,710.06,710.47,3656060
2025-05-30,Tata Motors,TATAMOTORS,701.58,712.31,698.83,709.0,5861644
2025-06-02,Tata Motors,TATAMOTORS,709.25,717.54,708.98,716.06,4190135
2025-06-03,Tata Motors,TATAMOTORS,713.32,725.67,708.45,721.57,1923155
2025-06-04,Tata Motors,TATAMOTORS,737.93,744.41,734.01,735.97,4586393
2025-06-05,Tata Motors,TATAMOTORS,724.46,733.92,720.03,730.57,5466167
2025-06-06,Tata Motors,TATAMOTORS,719.77,725.4,700.88,711.11,3752237
2025-06-09,Tata Motors,TATAMOTORS,716.16,726.02,714.29,715.0,4166468
2025-06-10,Tata Motors,TATAMOTORS,701.05,706.09,665.24,669.63,3512446
2025-06-11,Tata Motors,TATAMOTORS,668.78,709.78,663.4,706.27,2981049
2025-06-12,Tata Motors,TATAMOTORS,708.78,711.86,696.58,705.95,6781665
2025-06-13,Tata Motors,TATAMOTORS,707.11,710.33,666.59,677.99,3599128
2025-06-16,Tata Motors,TATAMOTORS,686.97,709.85,685.16,705.0,1334556
2025-06-17,Tata Motors,TATAMOTORS,710.79,715.56,699.88,700.58,3543562
2025-06-18,Tata Motors,TATAMOTORS,700.86,705.55,693.3,704.46,3052273
2025-06-19,Tata Motors,TATAMOTORS,690.31,694.54,684.58,689.16,7370230
2025-06-20,Tata Motors,TATAMOTORS,687.2,688.29,679.56,685.93,4338065
2025-06-23,Tata Motors,TATAMOTORS,682.47,690.51,658.56,659.28,3059998
2025-06-24,Tata Motors,TATAMOTORS,662.12,662.13,646.44,648.05,5523093
2025-06-25,Tata Motors,TATAMOTORS,643.81,679.3,642.32,677.93,3095850
2025-06-26,Tata Motors,TATAMOTORS,679.91,685.65,672.95,674.36,2144214
2025-06-27,Tata Motors,TATAMOTORS,659.81,662.4,630.56,633.59,3005195
2025-06-30,Tata Motors,TATAMOTORS,643.05,660.52,642.29,657.46,3094022
2025-07-01,Tata Motors,TATAMOTORS,652.72,654.82,643.01,645.2,3355315
2025-07-02,Tata Motors,TATAMOTORS,640.28,647.66,638.77,642.87,7074302
2025-07-03,Tata Motors,TATAMOTORS,635.31,640.09,615.32,617.0,4613886
2025-07-04,Tata Motors,TATAMOTORS,599.2,619.74,599.2,614.4,2052461
2025-07-07,Tata Motors,TATAMOTORS,626.73,628.4,616.71,618.6,3409750
2025-07-08,Tata Motors,TATAMOTORS,616.91,625.29,616.86,625.04,4891126
2025-07-09,Tata Motors,TATAMOTORS,632.59,639.12,611.11,614.89,6526049
2025-07-10,Tata Motors,TATAMOTORS,614.37,617.69,580.66,586.66,2670601
2025-07-11,Tata Motors,TATAMOTORS,583.93,587.2,574.87,582.26,2661448
2025-07-14,Tata Motors,TATAMOTORS,585.79,592.25,580.59,585.05,3592231
2025-07-15,Tata Motors,TATAMOTORS,578.78,588.14,573.81,587.26,2434933
2025-07-16,Tata Motors,TATAMOTORS,596.09,603.13,592.32,598.0,1814699
2025-07-17,Tata Motors,TATAMOTORS,591.82,603.16,585.48,599.16,4787282
2025-07-18,Tata Motors,TATAMOTORS,592.21,596.01,582.0,583.9,8478540
2025-07-21,Tata Motors,TATAMOTORS,587.0,600.33,580.56,600.14,10898922
2025-07-22,Tata Motors,TATAMOTORS,590.63,602.6,590.52,599.01,4984271
2025-07-23,Tata Motors,TATAMOTORS,605.0,611.45,598.23,598.63,2037755
2025-07-24,Tata Motors,TATAMOTORS,599.61,601.95,594.08,600.07,5070258
2025-07-25,Tata Motors,TATAMOTORS,606.25,611.35,602.53,605.09,10061415
2025-07-28,Tata Motors,TATAMOTORS,599.19,625.89,598.89,622.07,7389980
2025-07-29,Tata Motors,TATAMOTORS,623.01,639.64,618.43,632.74,3058672
2025-07-30,Tata Motors,TATAMOTORS,640.15,645.95,638.48,640.35,4882372
2025-07-31,Tata Motors,TATAMOTORS,635.45,660.11,631.02,654.55,4969548
2025-08-01,Tata Motors,TATAMOTORS,646.7,675.09,641.81,665.79,8167566
2025-08-04,Tata Motors,TATAMOTORS,661.25,665.32,646.91,651.96,3344092
2025-08-05,Tata Motors,TATAMOTORS,656.17,661.31,650.87,659.98,5888946
2025-08-06,Tata Motors,TATAMOTORS,661.34,676.02,656.13,675.26,2358116
2025-08-07,Tata Motors,TATAMOTORS,666.23,667.72,656.36,658.86,3625969
2025-08-08,Tata Motors,TATAMOTORS,665.48,665.71,654.85,661.84,2739564
2025-08-11,Tata Motors,TATAMOTORS,661.37,671.42,654.51,666.88,4953234
2025-08-12,Tata Motors,TATAMOTORS,659.99,690.72,656.42,686.07,6161103
2025-08-13,Tata Motors,TATAMOTORS,688.12,704.35,684.75,693.28,3460790
2025-08-14,Tata Motors,TATAMOTORS,694.25,707.86,692.95,707.84,3065735
2025-08-15,Tata Motors,TATAMOTORS,693.96,699.52,687.19,688.87,2101008
2025-08-18,Tata Motors,TATAMOTORS,689.44,700.9,683.04,700.35,5767722
2025-08-19,Tata Motors,TATAMOTORS,708.37,734.84,705.13,724.12,4194594
2025-08-20,Tata Motors,TATAMOTORS,720.5,729.48,720.05,720.74,2710185
2025-08-21,Tata Motors,TATAMOTORS,732.65,749.72,725.75,746.32,4655440
2025-08-22,Tata Motors,TATAMOTORS,759.76,768.7,747.17,761.01,5225936
2025-08-25,Tata Motors,TATAMOTORS,761.46,775.09,749.62,771.59,4329800
2025-08-26,Tata Motors,TATAMOTORS,769.06,777.05,750.55,757.72,3192103
2025-08-27,Tata Motors,TATAMOTORS,762.96,768.11,736.68,742.48,8608825
2025-08-28,Tata Motors,TATAMOTORS,735.61,737.39,718.43,718.9,7286222
2025-08-29,Tata Motors,TATAMOTORS,732.26,744.72,727.48,736.7,3825500
2025-09-01,Tata Motors,TATAMOTORS,733.76,733.9,724.73,729.88,3920970
2025-09-02,Tata Motors,TATAMOTORS,736.41,741.81,734.55,737.87,4124556
2025-09-03,Tata Motors,TATAMOTORS,744.4,749.13,724.25,729.31,2890299
2025-09-04,Tata Motors,TATAMOTORS,724.16,728.45,718.8,727.39,2668669
2025-09-05,Tata Motors,TATAMOTORS,736.66,769.85,730.67,767.88,2879036
2025-09-08,Tata Motors,TATAMOTORS,777.48,783.64,758.1,760.0,3637680
2025-09-09,Tata Motors,TATAMOTORS,750.6,763.96,744.44,761.94,3420016
2025-09-10,Tata Motors,TATAMOTORS,760.89,765.39,755.68,763.14,7949746
2025-09-11,Tata Motors,TATAMOTORS,756.01,781.45,753.95,772.19,2074489
2025-09-12,Tata Motors,TATAMOTORS,774.99,785.43,762.87,767.58,2782917
2025-09-15,Tata Motors,TATAMOTORS,757.02,774.96,752.34,772.09,6138624
2025-09-16,Tata Motors,TATAMOTORS,767.61,772.16,760.5,767.2,5208669
2025-09-17,Tata Motors,TATAMOTORS,765.18,769.74,765.11,766.28,4483526
2025-09-18,Tata Motors,TATAMOTORS,783.68,785.96,769.51,771.45,5532035
2025-09-19,Tata Motors,TATAMOTORS,775.6,777.41,768.7,773.62,1974686
2025-09-22,Tata Motors,TATAMOTORS,774.95,788.13,774.85,787.34,8127362
2025-09-23,Tata Motors,TATAMOTORS,781.56,802.07,777.38,797.78,4863581
2025-09-24,Tata Motors,TATAMOTORS,789.32,794.98,788.75,791.44,4647625
2025-09-25,Tata Motors,TATAMOTORS,788.93,789.85,777.21,786.94,5923993
2025-09-26,Tata Motors,TATAMOTORS,796.05,796.78,780.97,791.91,3884505
2025-09-29,Tata Motors,TATAMOTORS,784.79,799.35,780.16,790.92,7098249
2025-09-30,Tata Motors,TATAMOTORS,801.19,803.84,778.19,785.91,1177994
2025-10-01,Tata Motors,TATAMOTORS,784.5,787.71,760.86,764.53,3398314
2025-10-02,Tata Motors,TATAMOTORS,759.47,770.99,734.66,744.7,2366849
2025-10-03,Tata Motors,TATAMOTORS,758.83,763.78,749.27,753.61,2967151
2025-10-06,Tata Motors,TATAMOTORS,762.5,767.59,761.91,764.46,2670782
2025-10-07,Tata Motors,TATAMOTORS,749.4,750.7,745.7,749.79,7396709
2025-10-08,Tata Motors,TATAMOTORS,760.58,764.88,750.09,760.37,5047180
2025-10-09,Tata Motors,TATAMOTORS,757.38,763.12,731.29,738.16,3004905
2025-10-10,Tata Motors,TATAMOTORS,740.74,744.64,733.21,736.12,3613539
2025-10-13,Tata Motors,TATAMOTORS,744.68,749.31,734.25,736.44,4695892
2025-10-14,Tata Motors,TATAMOTORS,734.53,742.85,715.31,722.33,3041288
2025-10-15,Tata Motors,TATAMOTORS,726.64,740.18,726.08,733.89,6280580
2025-10-16,Tata Motors,TATAMOTORS,728.87,740.94,719.18,724.4,3355646
2025-10-17,Tata Motors,TATAMOTORS,705.23,723.53,703.83,723.08,3439688
2025-10-20,Tata Motors,TATAMOTORS,735.37,749.83,730.05,745.83,3047482
2025-10-21,Tata Motors,TATAMOTORS,747.08,755.68,739.71,748.29,4986724
2025-10-22,Tata Motors,TATAMOTORS,745.03,759.46,743.79,755.21,3330125
2025-10-23,Tata Motors,TATAMOTORS,755.97,772.63,755.09,768.58,4096050
2025-10-24,Tata Motors,TATAMOTORS,769.63,779.91,761.88,772.44,3055962
2025-10-27,Tata Motors,TATAMOTORS,766.73,773.47,743.72,752.6,3464965
2025-10-28,Tata Motors,TATAMOTORS,750.42,776.64,744.61,770.46,2336319
2025-10-29,Tata Motors,TATAMOTORS,776.73,777.87,760.45,763.97,3067560
2025-10-30,Tata Motors,TATAMOTORS,761.94,769.44,734.61,742.41,1662271
2025-10-31,Tata Motors,TATAMOTORS,751.13,758.21,736.15,740.39,4044825
2025-11-03,Tata Motors,TATAMOTORS,738.75,755.87,732.52,755.09,6554081
2025-11-04,Tata Motors,TATAMOTORS,761.58,796.76,754.09,793.67,3806646
2025-11-05,Tata Motors,TATAMOTORS,805.42,809.14,796.38,805.55,3200434
2025-11-06,Tata Motors,TATAMOTORS,791.9,798.61,775.69,784.77,4197535
2025-11-07,Tata Motors,TATAMOTORS,797.18,800.55,774.16,777.93,3792167
2025-11-10,Tata Motors,TATAMOTORS,778.72,791.96,773.61,788.63,3912529
2025-11-11,Tata Motors,TATAMOTORS,779.87,784.1,774.35,778.51,4050260
2025-11-12,Tata Motors,TATAMOTORS,779.22,787.86,772.36,773.39,2886523
2025-11-13,Tata Motors,TATAMOTORS,799.19,799.65,777.48,784.49,1567975
2025-11-14,Tata Motors,TATAMOTORS,782.28,812.88,780.77,812.73,2033702
2025-11-17,Tata Motors,TATAMOTORS,821.49,841.68,814.32,838.37,7464096
2025-11-18,Tata Motors,TATAMOTORS,856.35,859.1,850.49,852.81,3295070
2025-11-19,Tata Motors,TATAMOTORS,850.16,859.07,838.14,847.54,3695945
2025-11-20,Tata Motors,TATAMOTORS,858.71,869.91,850.45,864.5,4124739
2025-11-21,Tata Motors,TATAMOTORS,885.85,889.34,858.43,863.18,4865858
2025-11-24,Tata Motors,TATAMOTORS,876.31,876.58,867.98,876.19,5608149
2025-11-25,Tata Motors,TATAMOTORS,855.77,856.28,852.91,855.97,2659732
2025-11-26,Tata Motors,TATAMOTORS,864.28,867.1,856.05,866.36,2094420
2025-11-27,Tata Motors,TATAMOTORS,869.79,873.74,850.43,857.31,5048754
2025-11-28,Tata Motors,TATAMOTORS,871.06,877.36,866.34,870.03,4333540
2025-12-01,Tata Motors,TATAMOTORS,874.62,875.68,866.94,873.34,4704606
2025-12-02,Tata Motors,TATAMOTORS,866.21,876.52,839.7,846.44,3601689
2025-12-03,Tata Motors,TATAMOTORS,834.89,844.25,817.4,822.79,3116545
2025-12-04,Tata Motors,TATAMOTORS,827.83,837.76,806.63,815.94,3236624
2025-12-05,Tata Motors,TATAMOTORS,809.78,809.84,771.37,771.86,4243231
2025-12-08,Tata Motors,TATAMOTORS,768.84,772.59,744.44,750.45,5063293
2025-12-09,Tata Motors,TATAMOTORS,733.35,733.69,724.84,731.87,5682295
2025-12-10,Tata Motors,TATAMOTORS,723.99,727.0,712.07,714.22,4644460
2025-12-11,Tata Motors,TATAMOTORS,711.88,725.69,709.37,724.53,2026992
2025-12-12,Tata Motors,TATAMOTORS,715.8,722.94,698.54,700.78,4222251
2025-12-15,Tata Motors,TATAMOTORS,697.58,701.3,676.12,681.85,2318679
2025-12-16,Tata Motors,TATAMOTORS,688.47,691.27,672.64,678.15,2962232
2025-12-17,Tata Motors,TATAMOTORS,678.45,682.87,672.44,674.81,1752656
2025-12-18,Tata Motors,TATAMOTORS,679.8,694.33,676.39,692.7,4559044
2025-12-19,Tata Motors,TATAMOTORS,698.46,700.17,670.03,673.18,5478890
2025-12-22,Tata Motors,TATAMOTORS,693.36,693.62,685.46,690.72,7235051
2025-12-23,Tata Motors,TATAMOTORS,691.62,698.42,674.65,680.54,2516208
2025-12-24,Tata Motors,TATAMOTORS,683.65,703.6,679.73,696.13,3398566
2025-12-25,Tata Motors,TATAMOTORS,706.38,711.86,690.85,691.21,6448894
2025-12-26,Tata Motors,TATAMOTORS,689.06,710.62,688.3,705.01,7580445
2025-12-29,Tata Motors,TATAMOTORS,718.13,731.91,714.7,729.75,4262823
2025-12-30,Tata Motors,TATAMOTORS,723.59,750.75,720.1,745.85,4651545
2025-12-31,Tata Motors,TATAMOTORS,742.73,746.09,735.1,741.95,6608448
